{"meta": {"software": "slipcover", "version": "1.0.15", "timestamp": "2024-09-05T14:47:20.350375", "branch_coverage": true, "show_contexts": false}, "files": {"pymonet/task.py": {"executed_lines": [1, 2, 7, 12, 14, 15, 26, 27, 38, 56], "missing_lines": [24, 36, 48, 49, 50, 51, 54, 66, 67, 68, 69, 72], "executed_branches": [], "missing_branches": [], "summary": {"covered_lines": 10, "missing_lines": 12, "covered_branches": 0, "missing_branches": 0, "percent_covered": 45.45454545454545}}, "pymonet/lazy.py": {"executed_lines": [1, 4, 5, 6, 9, 10, 15, 20, 21, 22, 24, 25, 27, 31, 32, 33, 34, 35, 38, 39, 48, 50, 56, 68, 80, 95, 102, 103, 104, 106, 117, 128, 139, 151], "missing_lines": [51, 52, 54, 66, 78, 89, 90, 91, 93, 113, 115, 124, 126, 135, 137, 147, 149, 158, 160], "executed_branches": [[102, 103], [102, 104]], "missing_branches": [], "summary": {"covered_lines": 34, "missing_lines": 19, "covered_branches": 2, "missing_branches": 0, "percent_covered": 65.45454545454545}}, "pymonet/semigroups.py": {"executed_lines": [1, 2, 10, 11, 13, 16, 19, 20, 24, 25, 29, 31, 32, 34, 41, 44, 45, 49, 51, 52, 54, 61, 64, 65, 69, 71, 72, 74, 81, 84, 85, 89, 90, 92, 99, 102, 103, 107, 108, 110, 117, 120, 121, 125, 128, 140, 141, 145, 147, 148, 150, 157, 160, 161, 165, 167, 168, 170, 177], "missing_lines": [14, 17, 21, 126, 135, 136], "executed_branches": [], "missing_branches": [], "summary": {"covered_lines": 59, "missing_lines": 6, "covered_branches": 0, "missing_branches": 0, "percent_covered": 90.76923076923077}}, "pymonet/__init__.py": {"executed_lines": [1], "missing_lines": [], "executed_branches": [], "missing_branches": [], "summary": {"covered_lines": 1, "missing_lines": 0, "covered_branches": 0, "missing_branches": 0, "percent_covered": 100.0}}, "pymonet/immutable_list.py": {"executed_lines": [1, 4, 5, 8, 9, 13, 14, 15, 16, 18, 19, 20, 21, 22, 24, 25, 27, 36, 37, 39, 40, 42, 43, 44, 47, 56, 57, 58, 59, 61, 62, 63, 66, 67, 68, 71, 72, 73, 75, 77, 88, 99, 108, 109, 111, 113, 122, 123, 124, 125, 127, 128, 130, 132, 141, 142, 144, 145, 147, 150, 152, 161, 162, 164, 165, 168], "missing_lines": [48, 49, 51, 52, 54, 86, 97, 148], "executed_branches": [[36, 37], [36, 39], [39, 40], [39, 42], [58, 59], [58, 61], [72, 73], [72, 75], [108, 109], [108, 111], [122, 123], [122, 127], [123, 124], [123, 125], [127, 128], [127, 130], [141, 142], [141, 144], [144, 145], [144, 147], [147, 150], [161, 162], [161, 164], [164, 165], [164, 168]], "missing_branches": [[48, 49], [48, 51], [51, 52], [51, 54], [147, 148]], "summary": {"covered_lines": 66, "missing_lines": 8, "covered_branches": 25, "missing_branches": 5, "percent_covered": 87.5}}, "pymonet/box.py": {"executed_lines": [1, 4, 5, 8, 9, 13, 18, 20, 21, 23, 24, 26, 35, 37, 48, 57, 59, 70, 81, 92, 103], "missing_lines": [46, 66, 68, 77, 79, 88, 90, 99, 101, 110, 112], "executed_branches": [], "missing_branches": [], "summary": {"covered_lines": 21, "missing_lines": 11, "covered_branches": 0, "missing_branches": 0, "percent_covered": 65.625}}, "pymonet/maybe.py": {"executed_lines": [1, 4, 5, 8, 9, 14, 15, 16, 17, 19, 20, 21, 22, 24, 25, 33, 35, 36, 42, 44, 60, 73, 87, 101, 110, 112, 114, 127, 140, 153, 166, 173, 175, 176, 177], "missing_lines": [54, 55, 56, 57, 69, 70, 71, 83, 84, 85, 97, 98, 99, 111, 121, 123, 124, 125, 134, 136, 137, 138, 147, 149, 150, 151, 160, 162, 163, 164], "executed_branches": [[16, 0], [16, 17], [110, 112], [175, 176], [175, 177]], "missing_branches": [[54, 55], [54, 56], [69, 70], [69, 71], [83, 84], [83, 85], [97, 98], [97, 99], [110, 111], [123, 124], [123, 125], [136, 137], [136, 138], [149, 150], [149, 151], [162, 163], [162, 164]], "summary": {"covered_lines": 35, "missing_lines": 30, "covered_branches": 5, "missing_branches": 17, "percent_covered": 45.97701149425287}}, "pymonet/utils.py": {"executed_lines": [1, 3, 6, 9, 15, 16, 18, 19, 20, 21, 22, 25, 34, 37, 46, 49, 50, 51, 54, 55, 56, 59, 60, 61, 64, 65, 76, 77, 78, 81, 92, 93, 94, 95, 99, 117, 118, 119, 132, 133, 134, 135, 137, 140, 154, 156, 157, 158, 159, 160, 161, 163, 165], "missing_lines": [110, 111, 112, 113], "executed_branches": [[15, 16], [15, 18], [19, 20], [19, 21], [76, 0], [76, 77], [77, 76], [77, 78], [133, 0], [133, 134], [134, 133], [134, 135], [158, 159], [158, 160]], "missing_branches": [], "summary": {"covered_lines": 53, "missing_lines": 4, "covered_branches": 14, "missing_branches": 0, "percent_covered": 94.36619718309859}}, "pymonet/either.py": {"executed_lines": [1, 4, 5, 8, 9, 14, 15, 17, 18, 19, 20, 22, 37, 48, 55, 57, 59, 70, 81, 82, 85, 86, 88, 95, 97, 106, 111, 113, 120, 127, 138, 145, 147, 150, 151, 153, 162, 164, 175, 182, 189, 200], "missing_lines": [33, 34, 35, 46, 66, 68, 77, 79, 104, 118, 125, 134, 136, 173, 180, 187, 196, 198, 207, 209], "executed_branches": [], "missing_branches": [[33, 34], [33, 35]], "summary": {"covered_lines": 42, "missing_lines": 20, "covered_branches": 0, "missing_branches": 2, "percent_covered": 65.625}}, "pymonet/validation.py": {"executed_lines": [1, 2, 4, 5, 6, 8, 12, 13, 14, 16, 17, 18, 19, 21, 22, 31, 33, 34, 43, 45, 52, 54, 63, 72, 74, 85, 96, 98, 111, 124, 131, 133, 135, 146], "missing_lines": [61, 83, 105, 107, 108, 109, 118, 120, 121, 122, 142, 144, 153, 155], "executed_branches": [[17, 18], [17, 19]], "missing_branches": [[107, 108], [107, 109], [120, 121], [120, 122]], "summary": {"covered_lines": 34, "missing_lines": 14, "covered_branches": 2, "missing_branches": 4, "percent_covered": 66.66666666666667}}, "pymonet/monad_try.py": {"executed_lines": [1, 4, 5, 10, 11, 12, 14, 15, 16, 17, 19, 20, 22, 23, 35, 36, 37, 38, 40, 49, 50, 51, 53, 62, 63, 64, 66, 79, 92, 103, 104, 105, 107, 114, 116, 126, 127, 128], "missing_lines": [75, 76, 77, 88, 89, 90], "executed_branches": [[49, 50], [49, 51], [62, 63], [62, 64], [103, 104], [103, 105], [126, 127], [126, 128]], "missing_branches": [[75, 76], [75, 77], [88, 89], [88, 90]], "summary": {"covered_lines": 38, "missing_lines": 6, "covered_branches": 8, "missing_branches": 4, "percent_covered": 82.14285714285714}}}, "summary": {"covered_lines": 393, "missing_lines": 130, "covered_branches": 56, "missing_branches": 32, "percent_covered": 73.48608837970541}}
