{"meta": {"software": "slipcover", "version": "1.0.15", "timestamp": "2024-09-04T16:45:40.505571", "branch_coverage": true, "show_contexts": false}, "files": {"pysnooper/pycompat.py": {"executed_lines": [3, 5, 6, 7, 8, 9, 11, 12, 14, 15, 25, 26, 46, 47, 51, 52, 57, 58, 59, 60, 67, 68, 72, 73, 86, 87, 88, 90, 91, 92, 93, 95, 96, 97], "missing_lines": [17, 18, 21, 22, 28, 29, 31, 32, 34, 36, 37, 38, 39, 41, 42, 48, 49, 53, 54, 62, 63, 64, 69, 70, 75, 76, 77, 78, 79, 80, 82, 83], "executed_branches": [[14, 15], [25, 26], [57, 58], [72, 73]], "missing_branches": [[14, 17], [25, 28], [57, 62], [72, 75], [77, 78], [77, 79]], "summary": {"covered_lines": 34, "missing_lines": 32, "covered_branches": 4, "missing_branches": 6, "percent_covered": 50.0}}, "pysnooper/__init__.py": {"executed_lines": [3, 20, 21, 22, 24, 25, 27, 28, 30], "missing_lines": [], "executed_branches": [], "missing_branches": [], "summary": {"covered_lines": 9, "missing_lines": 0, "covered_branches": 0, "missing_branches": 0, "percent_covered": 100.0}}, "pysnooper/variables.py": {"executed_lines": [1, 2, 3, 4, 7, 9, 10, 13, 14, 15, 17, 20, 21, 22, 23, 24, 25, 26, 28, 30, 31, 32, 33, 34, 35, 37, 38, 39, 41, 42, 43, 45, 46, 48, 49, 50, 53, 54, 55, 56, 57, 58, 59, 60, 61, 62, 63, 64, 65, 67, 69, 70, 71, 72, 73, 74, 76, 79, 80, 82, 83, 86, 87, 93, 96, 100, 101, 102, 104, 105, 107, 108, 111, 112, 114, 117, 124, 125], "missing_lines": [5, 6, 77, 88, 89, 90, 94, 97, 115, 118, 119, 120, 121, 126, 127, 128, 129, 131, 133], "executed_branches": [[25, 26], [25, 28], [56, 57], [56, 67], [58, 59], [58, 60], [71, 0], [71, 72]], "missing_branches": [[126, 127], [126, 128], [128, 129], [128, 131]], "summary": {"covered_lines": 78, "missing_lines": 19, "covered_branches": 8, "missing_branches": 4, "percent_covered": 78.89908256880734}}, "pysnooper/utils.py": {"executed_lines": [4, 5, 7, 8, 10, 11, 12, 13, 14, 15, 16, 17, 19, 20, 23, 24, 25, 28, 29, 30, 31, 36, 37, 38, 39, 44, 45, 46, 50, 51, 52, 53, 54, 55, 56, 59, 62, 64, 67, 68, 69, 70, 73, 74, 76, 77, 78, 81, 82, 83, 85, 86, 87, 90, 91, 92, 93, 95], "missing_lines": [26, 32, 71, 72, 75], "executed_branches": [[12, 13], [12, 20], [13, 14], [13, 19], [14, 13], [14, 15], [15, 16], [15, 17], [30, 31], [51, 52], [51, 56], [52, 53], [52, 54], [54, 51], [54, 55], [74, 76], [76, 77], [76, 78], [82, 83], [82, 85], [91, 93], [91, 95]], "missing_branches": [[30, 32], [74, 75]], "summary": {"covered_lines": 58, "missing_lines": 5, "covered_branches": 22, "missing_branches": 2, "percent_covered": 91.95402298850574}}, "pysnooper/tracer.py": {"executed_lines": [4, 5, 6, 7, 8, 9, 10, 11, 12, 13, 14, 16, 17, 18, 22, 25, 26, 27, 28, 30, 31, 32, 33, 34, 36, 37, 38, 41, 42, 43, 46, 49, 50, 51, 52, 53, 54, 55, 56, 57, 58, 60, 61, 62, 63, 64, 65, 66, 67, 68, 69, 70, 71, 72, 73, 74, 75, 76, 77, 78, 79, 81, 82, 83, 84, 85, 86, 89, 94, 95, 96, 99, 100, 101, 102, 103, 104, 106, 107, 108, 111, 112, 113, 114, 116, 117, 118, 119, 120, 121, 123, 124, 125, 126, 127, 129, 131, 132, 133, 136, 137, 138, 139, 141, 142, 143, 144, 145, 148, 149, 151, 152, 206, 207, 208, 209, 211, 212, 213, 214, 215, 216, 218, 219, 220, 221, 222, 223, 224, 225, 226, 227, 228, 229, 230, 231, 232, 233, 234, 235, 237, 238, 239, 241, 242, 244, 246, 247, 250, 251, 253, 254, 255, 257, 258, 260, 261, 262, 263, 265, 266, 267, 268, 269, 270, 271, 272, 275, 276, 277, 280, 281, 282, 283, 284, 285, 287, 289, 290, 291, 293, 294, 296, 297, 298, 302, 303, 305, 306, 307, 309, 310, 311, 312, 313, 314, 315, 316, 320, 321, 322, 323, 324, 325, 330, 331, 333, 334, 335, 336, 337, 339, 347, 348, 352, 366, 367, 368, 375, 377, 386, 387, 388, 393, 394, 395, 396, 397, 398, 399, 400, 401, 402, 409, 413, 414, 415, 416, 417, 418, 421, 422, 424, 425, 426, 427, 428, 438, 460, 461, 463, 464, 465, 470, 474, 475, 477, 478, 479, 480, 482, 483, 484, 485, 486, 488, 489, 491, 498], "missing_lines": [19, 273, 274, 278, 295, 299, 300, 353, 354, 356, 357, 358, 359, 360, 361, 362, 364, 376, 378, 379, 380, 381, 382, 383, 384, 403, 404, 406, 407, 408, 429, 430, 441, 442, 443, 444, 447, 449, 451, 452, 453, 462, 466, 467, 471, 472, 492, 493, 494, 495, 496], "executed_branches": [[18, 22], [36, 37], [36, 38], [61, 62], [61, 68], [66, 67], [66, 68], [68, 69], [68, 86], [70, 71], [70, 81], [86, 89], [86, 94], [94, 95], [94, 106], [96, 99], [96, 103], [100, 96], [100, 101], [113, 114], [113, 116], [116, 117], [116, 124], [124, 125], [124, 126], [126, 127], [126, 129], [228, 230], [228, 231], [238, 239], [238, 241], [241, 242], [241, 244], [247, 250], [247, 255], [250, 251], [250, 253], [253, 247], [253, 254], [269, 270], [280, 281], [280, 282], [282, 283], [282, 284], [284, 285], [284, 287], [294, 296], [298, 302], [310, 311], [310, 312], [347, 348], [347, 366], [348, 352], [366, 367], [366, 368], [375, 377], [377, 386], [396, 397], [396, 400], [402, 409], [424, 425], [424, 438], [425, 426], [425, 428], [428, 424], [438, 460], [461, 463], [470, 474], [477, 478], [477, 491], [482, 483], [491, 498]], "missing_branches": [[18, 19], [294, 295], [298, 299], [348, 353], [353, 354], [353, 356], [357, 358], [357, 364], [359, 360], [359, 361], [361, 357], [361, 362], [375, 376], [377, 378], [402, 403], [403, 404], [403, 406], [428, 429], [438, 441], [441, 442], [441, 460], [449, 441], [449, 451], [461, 462], [470, 471], [482, 491], [491, 492], [493, 494], [493, 495]], "summary": {"covered_lines": 269, "missing_lines": 51, "covered_branches": 72, "missing_branches": 29, "percent_covered": 80.99762470308788}}}, "summary": {"covered_lines": 448, "missing_lines": 107, "covered_branches": 106, "missing_branches": 41, "percent_covered": 78.91737891737891}}
