{"version": 2, "done": {"/output/pymonet/immutable_list.py": [[99, 112], [113, 131], [88, 98]], "/output/pymonet/utils.py": [[81, 97], [140, 166]], "/output/pymonet/maybe.py": [[153, 165], [127, 139], [44, 59], [73, 86]], "/output/pymonet/monad_try.py": [[116, 129]], "/output/pymonet/lazy.py": [[80, 94], [117, 127], [151, 161]], "/output/pymonet/semigroups.py": [[120, 138], [64, 82], [1, 22]], "/output/pymonet/either.py": [[182, 188], [48, 58], [127, 137]], "/output/pymonet/validation.py": [[63, 73], [124, 134], [146, 156], [135, 145]]}, "cost": 0.24060000000000004, "counters": {"G": 14, "F": 9, "U": 1, "R": 0}, "coverage": {"meta": {"software": "slipcover", "version": "1.0.15", "timestamp": "2025-01-29T19:51:13.290106", "branch_coverage": true, "show_contexts": false}, "files": {"pymonet/task.py": {"executed_lines": [1, 2, 7, 12, 14, 15, 24, 26, 27, 36, 38, 48, 49, 50, 51, 54, 56, 66, 67, 68, 69, 72], "missing_lines": [], "executed_branches": [], "missing_branches": [], "summary": {"covered_lines": 22, "missing_lines": 0, "covered_branches": 0, "missing_branches": 0, "percent_covered": 100.0}}, "pymonet/lazy.py": {"executed_lines": [1, 4, 5, 6, 9, 10, 15, 20, 21, 22, 24, 25, 27, 31, 32, 33, 34, 35, 38, 39, 48, 50, 51, 52, 54, 56, 66, 68, 78, 80, 95, 102, 103, 104, 106, 113, 115, 117, 128, 135, 137, 139, 147, 149, 151], "missing_lines": [89, 90, 91, 93, 124, 126, 158, 160], "executed_branches": [[102, 103], [102, 104]], "missing_branches": [], "summary": {"covered_lines": 45, "missing_lines": 8, "covered_branches": 2, "missing_branches": 0, "percent_covered": 85.45454545454545}}, "pymonet/semigroups.py": {"executed_lines": [1, 2, 10, 11, 13, 16, 19, 20, 24, 25, 29, 31, 32, 34, 41, 44, 45, 49, 51, 52, 54, 61, 64, 65, 69, 71, 74, 84, 85, 89, 90, 92, 99, 102, 103, 107, 108, 110, 117, 120, 121, 125, 128, 140, 141, 145, 147, 148, 150, 157, 160, 161, 165, 167, 168, 170, 177], "missing_lines": [14, 17, 21, 72, 81, 126, 135, 136], "executed_branches": [], "missing_branches": [], "summary": {"covered_lines": 57, "missing_lines": 8, "covered_branches": 0, "missing_branches": 0, "percent_covered": 87.6923076923077}}, "pymonet/__init__.py": {"executed_lines": [1], "missing_lines": [], "executed_branches": [], "missing_branches": [], "summary": {"covered_lines": 1, "missing_lines": 0, "covered_branches": 0, "missing_branches": 0, "percent_covered": 100.0}}, "pymonet/immutable_list.py": {"executed_lines": [1, 4, 5, 8, 9, 13, 14, 15, 16, 18, 19, 20, 21, 22, 24, 25, 27, 36, 37, 39, 40, 42, 43, 44, 47, 48, 49, 51, 52, 54, 56, 57, 58, 59, 61, 62, 63, 66, 67, 68, 71, 72, 73, 75, 77, 86, 88, 99, 113, 132, 141, 142, 144, 145, 147, 148, 150, 152, 161, 162, 164, 165, 168], "missing_lines": [97, 108, 109, 111, 122, 123, 124, 125, 127, 128, 130], "executed_branches": [[36, 37], [36, 39], [39, 40], [39, 42], [48, 49], [48, 51], [51, 52], [51, 54], [58, 59], [58, 61], [72, 73], [72, 75], [141, 142], [141, 144], [144, 145], [144, 147], [147, 148], [147, 150], [161, 162], [161, 164], [164, 165], [164, 168]], "missing_branches": [[108, 109], [108, 111], [122, 123], [122, 127], [123, 124], [123, 125], [127, 128], [127, 130]], "summary": {"covered_lines": 63, "missing_lines": 11, "covered_branches": 22, "missing_branches": 8, "percent_covered": 81.73076923076923}}, "pymonet/box.py": {"executed_lines": [1, 4, 5, 8, 9, 13, 18, 20, 21, 23, 24, 26, 35, 37, 46, 48, 57, 59, 66, 68, 70, 77, 79, 81, 88, 90, 92, 99, 101, 103, 110, 112], "missing_lines": [], "executed_branches": [], "missing_branches": [], "summary": {"covered_lines": 32, "missing_lines": 0, "covered_branches": 0, "missing_branches": 0, "percent_covered": 100.0}}, "pymonet/maybe.py": {"executed_lines": [1, 4, 5, 8, 9, 14, 15, 16, 17, 19, 20, 21, 22, 24, 25, 33, 35, 36, 42, 44, 60, 69, 70, 71, 73, 87, 97, 98, 99, 101, 110, 111, 112, 114, 121, 123, 124, 125, 127, 140, 147, 149, 150, 151, 153, 166, 173, 175, 176, 177], "missing_lines": [54, 55, 56, 57, 83, 84, 85, 134, 136, 137, 138, 160, 162, 163, 164], "executed_branches": [[16, 0], [16, 17], [69, 70], [69, 71], [97, 98], [97, 99], [110, 111], [110, 112], [123, 124], [123, 125], [149, 150], [149, 151], [175, 176], [175, 177]], "missing_branches": [[54, 55], [54, 56], [83, 84], [83, 85], [136, 137], [136, 138], [162, 163], [162, 164]], "summary": {"covered_lines": 50, "missing_lines": 15, "covered_branches": 14, "missing_branches": 8, "percent_covered": 73.5632183908046}}, "pymonet/utils.py": {"executed_lines": [1, 3, 6, 9, 15, 16, 18, 19, 20, 21, 22, 25, 34, 37, 46, 49, 50, 51, 54, 55, 56, 59, 60, 61, 64, 65, 76, 77, 78, 81, 99, 110, 111, 112, 113, 117, 118, 119, 132, 133, 134, 135, 137, 140], "missing_lines": [92, 93, 94, 95, 154, 156, 157, 158, 159, 160, 161, 163, 165], "executed_branches": [[15, 16], [15, 18], [19, 20], [19, 21], [76, 0], [76, 77], [77, 76], [77, 78], [133, 0], [133, 134], [134, 133], [134, 135]], "missing_branches": [[158, 159], [158, 160]], "summary": {"covered_lines": 44, "missing_lines": 13, "covered_branches": 12, "missing_branches": 2, "percent_covered": 78.87323943661971}}, "pymonet/either.py": {"executed_lines": [1, 4, 5, 8, 9, 14, 15, 17, 18, 19, 20, 22, 33, 34, 35, 37, 46, 48, 59, 66, 68, 70, 77, 79, 81, 82, 85, 86, 88, 95, 97, 104, 106, 111, 113, 118, 120, 125, 127, 138, 145, 147, 150, 151, 153, 162, 164, 173, 175, 180, 182, 189, 196, 198, 200, 207, 209], "missing_lines": [55, 57, 134, 136, 187], "executed_branches": [[33, 34], [33, 35]], "missing_branches": [], "summary": {"covered_lines": 57, "missing_lines": 5, "covered_branches": 2, "missing_branches": 0, "percent_covered": 92.1875}}, "pymonet/validation.py": {"executed_lines": [1, 2, 4, 5, 6, 8, 12, 13, 14, 16, 17, 18, 19, 21, 22, 31, 33, 34, 43, 45, 52, 54, 61, 63, 74, 83, 85, 96, 98, 105, 107, 108, 109, 111, 118, 120, 121, 122, 124, 135, 146], "missing_lines": [72, 131, 133, 142, 144, 153, 155], "executed_branches": [[17, 18], [17, 19], [107, 108], [107, 109], [120, 121], [120, 122]], "missing_branches": [], "summary": {"covered_lines": 41, "missing_lines": 7, "covered_branches": 6, "missing_branches": 0, "percent_covered": 87.03703703703704}}, "pymonet/monad_try.py": {"executed_lines": [1, 4, 5, 10, 11, 12, 14, 15, 16, 17, 19, 20, 22, 23, 35, 36, 37, 38, 40, 49, 50, 51, 53, 62, 63, 64, 66, 75, 76, 77, 79, 88, 89, 90, 92, 103, 104, 105, 107, 114, 116], "missing_lines": [126, 127, 128], "executed_branches": [[49, 50], [49, 51], [62, 63], [62, 64], [75, 76], [75, 77], [88, 89], [88, 90], [103, 104], [103, 105]], "missing_branches": [[126, 127], [126, 128]], "summary": {"covered_lines": 41, "missing_lines": 3, "covered_branches": 10, "missing_branches": 2, "percent_covered": 91.07142857142857}}}, "summary": {"covered_lines": 453, "missing_lines": 70, "covered_branches": 68, "missing_branches": 20, "percent_covered": 85.27004909983633}}, "final_coverage": {"meta": {"software": "slipcover", "version": "1.0.15", "timestamp": "2025-01-29T19:51:32.566090", "branch_coverage": true, "show_contexts": false}, "files": {"pymonet/task.py": {"executed_lines": [1, 2, 7, 12, 14, 15, 24, 26, 27, 36, 38, 48, 49, 50, 51, 54, 56, 66, 67, 68, 69, 72], "missing_lines": [], "executed_branches": [], "missing_branches": [], "summary": {"covered_lines": 22, "missing_lines": 0, "covered_branches": 0, "missing_branches": 0, "percent_covered": 100.0}}, "pymonet/lazy.py": {"executed_lines": [1, 4, 5, 6, 9, 10, 15, 20, 21, 22, 24, 25, 27, 31, 32, 33, 34, 35, 38, 39, 48, 50, 51, 52, 54, 56, 66, 68, 78, 80, 95, 102, 103, 104, 106, 113, 115, 117, 124, 126, 128, 135, 137, 139, 147, 149, 151, 158, 160], "missing_lines": [89, 90, 91, 93], "executed_branches": [[102, 103], [102, 104]], "missing_branches": [], "summary": {"covered_lines": 49, "missing_lines": 4, "covered_branches": 2, "missing_branches": 0, "percent_covered": 92.72727272727273}},