{"version": 2, "done": {"/output/pymonet/immutable_list.py": [[56, 65], [18, 23], [13, 17], [27, 46], [132, 151], [24, 26], [47, 55], [113, 131], [99, 112], [71, 76], [77, 87], [88, 98], [66, 69], [152, 169]], "/output/pymonet/utils.py": [[49, 52], [9, 23], [25, 35], [117, 138], [81, 97], [99, 115], [54, 57], [37, 47], [140, 166], [64, 79], [59, 62]], "/output/pymonet/semigroups.py": [[44, 62], [24, 42], [140, 158], [84, 100], [120, 138], [1, 22], [102, 118], [160, 178], [64, 82]], "/output/pymonet/maybe.py": [[127, 139], [140, 152], [35, 43], [60, 72], [87, 100], [19, 23], [101, 113], [114, 126], [44, 59], [73, 86], [24, 34], [14, 18], [153, 165], [166, 178]], "/output/pymonet/validation.py": [[16, 20], [111, 123], [74, 84], [63, 73], [21, 32], [98, 110], [135, 145], [85, 97], [33, 44], [146, 156], [54, 62], [124, 134], [8, 15], [4, 7], [45, 53]], "/output/pymonet/task.py": [[38, 55], [7, 13], [14, 25], [56, 73], [26, 37]], "/output/pymonet/lazy.py": [[27, 37], [80, 94], [50, 55], [24, 26], [15, 23], [128, 138], [106, 116], [151, 161], [56, 67], [95, 105], [139, 150], [68, 79], [117, 127], [38, 49]], "/output/pymonet/either.py": [[120, 126], [200, 210], [14, 16], [164, 174], [17, 21], [127, 137], [97, 105], [88, 96], [59, 69], [182, 188], [113, 119], [138, 148], [189, 199], [37, 47], [81, 83], [70, 80], [48, 58], [106, 112], [22, 36], [153, 163], [175, 181]], "/output/pymonet/monad_try.py": [[66, 78], [79, 91], [116, 129], [92, 106], [40, 52], [53, 65], [22, 39], [10, 13], [107, 115], [14, 18], [19, 21]], "/output/pymonet/box.py": [[81, 91], [70, 80], [26, 36], [103, 113], [92, 102], [13, 19], [48, 58], [37, 47], [23, 25], [59, 69], [20, 22]]}, "cost": 0.4864799999999999, "counters": {"G": 64, "F": 48, "U": 13, "R": 0}, "coverage": {"meta": {"software": "slipcover", "version": "1.0.15", "timestamp": "2024-09-05T14:45:35.011959", "branch_coverage": true, "show_contexts": false}, "files": {"pymonet/task.py": {"executed_lines": [], "missing_lines": [1, 2, 7, 12, 14, 15, 24, 26, 27, 36, 38, 48, 49, 50, 51, 54, 56, 66, 67, 68, 69, 72], "executed_branches": [], "missing_branches": [], "summary": {"covered_lines": 0, "missing_lines": 22, "covered_branches": 0, "missing_branches": 0, "percent_covered": 0.0}}, "pymonet/lazy.py": {"executed_lines": [], "missing_lines": [1, 4, 5, 6, 9, 10, 15, 20, 21, 22, 24, 25, 27, 31, 32, 33, 34, 35, 38, 39, 48, 50, 51, 52, 54, 56, 66, 68, 78, 80, 89, 90, 91, 93, 95, 102, 103, 104, 106, 113, 115, 117, 124, 126, 128, 135, 137, 139, 147, 149, 151, 158, 160], "executed_branches": [], "missing_branches": [[102, 103], [102, 104]], "summary": {"covered_lines": 0, "missing_lines": 53, "covered_branches": 0, "missing_branches": 2, "percent_covered": 0.0}}, "pymonet/semigroups.py": {"executed_lines": [], "missing_lines": [1, 2, 10, 11, 13, 14, 16, 17, 19, 20, 21, 24, 25, 29, 31, 32, 34, 41, 44, 45, 49, 51, 52, 54, 61, 64, 65, 69, 71, 72, 74, 81, 84, 85, 89, 90, 92, 99, 102, 103, 107, 108, 110, 117, 120, 121, 125, 126, 128, 135, 136, 140, 141, 145, 147, 148, 150, 157, 160, 161, 165, 167, 168, 170, 177], "executed_branches": [], "missing_branches": [], "summary": {"covered_lines": 0, "missing_lines": 65, "covered_branches": 0, "missing_branches": 0, "percent_covered": 0.0}}, "pymonet/__init__.py": {"executed_lines": [], "missing_lines": [1], "executed_branches": [], "missing_branches": [], "summary": {"covered_lines": 0, "missing_lines": 1, "covered_branches": 0, "missing_branches": 0, "percent_covered": 0.0}}, "pymonet/immutable_list.py": {"executed_lines": [], "missing_lines": [1, 4, 5, 8, 9, 13, 14, 15, 16, 18, 19, 20, 21, 22, 24, 25, 27, 36, 37, 39, 40, 42, 43, 44, 47, 48, 49, 51, 52, 54, 56, 57, 58, 59, 61, 62, 63, 66, 67, 68, 71, 72, 73, 75, 77, 86, 88, 97, 99, 108, 109, 111, 113, 122, 123, 124, 125, 127, 128, 130, 132, 141, 142, 144, 145, 147, 148, 150, 152, 161, 162, 164, 165, 168], "executed_branches": [], "missing_branches": [[36, 37], [36, 39], [39, 40], [39, 42], [48, 49], [48, 51], [51, 52], [51, 54], [58, 59], [58, 61], [72, 73], [72, 75], [108, 109], [108, 111], [122, 123], [122, 127], [123, 124], [123, 125], [127, 128], [127, 130], [141, 142], [141, 144], [144, 145], [144, 147], [147, 148], [147, 150], [161, 162], [161, 164], [164, 165], [164, 168]], "summary": {"covered_lines": 0, "missing_lines": 74, "covered_branches": 0, "missing_branches": 30, "percent_covered": 0.0}}, "pymonet/box.py": {"executed_lines": [], "missing_lines": [1, 4, 5, 8, 9, 13, 18, 20, 21, 23, 24, 26, 35, 37, 46, 48, 57, 59, 66, 68, 70, 77, 79, 81, 88, 90, 92, 99, 101, 103, 110, 112], "executed_branches": [], "missing_branches": [], "summary": {"covered_lines": 0, "missing_lines": 32, "covered_branches": 0, "missing_branches": 0, "percent_covered": 0.0}}, "pymonet/maybe.py": {"executed_lines": [], "missing_lines": [1, 4, 5, 8, 9, 14, 15, 16, 17, 19, 20, 21, 22, 24, 25, 33, 35, 36, 42, 44, 54, 55, 56, 57, 60, 69, 70, 71, 73, 83, 84, 85, 87, 97, 98, 99, 101, 110, 111, 112, 114, 121, 123, 124, 125, 127, 134, 136, 137, 138, 140, 147, 149, 150, 151, 153, 160, 162, 163, 164, 166, 173, 175, 176, 177], "executed_branches": [], "missing_branches": [[16, 0], [16, 17], [54, 55], [54, 56], [69, 70], [69, 71], [83, 84], [83, 85], [97, 98], [97, 99], [110, 111], [110, 112], [123, 124], [123, 125], [136, 137], [136, 138], [149, 150], [149, 151], [162, 163], [162, 164], [175, 176], [175, 177]], "summary": {"covered_lines": 0, "missing_lines": 65, "covered_branches": 0, "missing_branches": 22, "percent_covered": 0.0}}, "pymonet/utils.py": {"executed_lines": [], "missing_lines": [1, 3, 6, 9, 15, 16, 18, 19, 20, 21, 22, 25, 34, 37, 46, 49, 50, 51, 54, 55, 56, 59, 60, 61, 64, 65, 76, 77, 78, 81, 92, 93, 94, 95, 99, 110, 111, 112, 113, 117, 132, 133, 134, 135, 137, 140, 154, 156, 157, 158, 159, 160, 161, 163, 165], "executed_branches": [], "missing_branches": [[15, 16], [15, 18], [19, 20], [19, 21], [76, 0], [76, 77], [77, 76], [77, 78], [133, 0], [133, 134], [134, 133], [134, 135], [158, 159], [158, 160]], "summary": {"covered_lines": 0, "missing_lines": 55, "covered_branches": 0, "missing_branches": 14, "percent_covered": 0.0}}, "pymonet/either.py": {"executed_lines": [], "missing_lines": [1, 4, 5, 8, 9, 14, 15, 17, 18, 19, 20, 22, 33, 34, 35, 37, 46, 48, 55, 57, 59, 66, 68, 70, 77, 79, 81, 82, 85, 86, 88, 95, 97, 104, 106, 111, 113, 118, 120, 125, 127, 134, 136, 138, 145, 147, 150, 151, 153, 162, 164, 173, 175, 180, 182, 187, 189, 196, 198, 200, 207, 209], "executed_branches": [], "missing_branches": [[33, 34], [33, 35]], "summary": {"covered_lines": 0, "missing_lines": 62, "covered_branches": 0, "missing_branches": 2, "percent_covered": 0.0}}, "pymonet/validation.py": {"executed_lines": [], "missing_lines": [1, 2, 4, 5, 6, 8, 12, 13, 14, 16, 17, 18, 19, 21, 22, 31, 33, 34, 43, 45, 52, 54, 61, 63, 72, 74, 83, 85, 96, 98, 105, 107, 108, 109, 111, 118, 120, 121, 122, 124, 131, 133, 135, 142, 144, 146, 153, 155], "executed_branches": [], "missing_branches": [[17, 18], [17, 19], [107, 108], [107, 109], [120, 121], [120, 122]], "summary": {"covered_lines": 0, "missing_lines": 48, "covered_branches": 0, "missing_branches": 6, "percent_covered": 0.0}}, "pymonet/monad_try.py": {"executed_lines": [], "missing_lines": [1, 4, 5, 10, 11, 12, 14, 15, 16, 17, 19, 20, 22, 23, 35, 36, 37, 38, 40, 49, 50, 51, 53, 62, 63, 64, 66, 75, 76, 77, 79, 88, 89, 90, 92, 103, 104, 105, 107, 114, 116, 126, 127, 128], "executed_branches": [], "missing_branches": [[49, 50], [49, 51], [62, 63], [62, 64], [75, 76], [75, 77], [88, 89], [88, 90], [103, 104], [103, 105], [126, 127], [126, 128]], "summary": {"covered_lines": 0, "missing_lines": 44, "covered_branches": 0, "missing_branches": 12, "percent_covered": 0.0}}}, "summary": {"covered_lines": 0, "missing_lines": 521, "covered_branches": 0, "missing_branches": 88, "percent_covered": 0.0}}, "final_coverage": {"meta": {"software": "slipcover", "version": "1.0.15", "timestamp": "2024-09-05T14:46:09.181272", "branch_coverage": true,