{"version": 1, "done": {"/output/pymonet/immutable_list.py": [[88, 98], [132, 151], [77, 87], [113, 131]], "/output/pymonet/maybe.py": [[140, 152], [44, 59], [87, 100], [73, 86]], "/output/pymonet/validation.py": [[85, 97], [146, 156], [111, 123], [135, 145]], "/output/pymonet/monad_try.py": [[53, 65]], "/output/pymonet/semigroups.py": [[44, 62], [140, 158], [84, 100], [120, 138], [102, 118], [160, 178], [64, 82]], "/output/pymonet/lazy.py": [[56, 67], [128, 138], [139, 150], [68, 79]], "/output/pymonet/box.py": [[59, 69], [81, 91], [37, 47]], "/output/pymonet/either.py": [[127, 137], [120, 126], [113, 119], [200, 210], [70, 80], [138, 148], [88, 96], [189, 199], [37, 47], [164, 174], [59, 69], [97, 105], [81, 83], [175, 181]], "/output/pymonet/task.py": [[14, 25], [26, 37]], "/output/pymonet/utils.py": [[117, 138]]}, "usage": {"prompt_tokens": 56498, "completion_tokens": 15159}, "counters": {"G": 25, "F": 59, "U": 16, "R": 0}, "coverage": {"meta": {"software": "slipcover", "version": "1.0.14", "timestamp": "2024-05-31T16:26:33.686181", "branch_coverage": true, "show_contexts": false}, "files": {"pymonet/task.py": {"executed_lines": [1, 2, 7, 12, 14, 15, 26, 27, 38, 48, 49, 50, 51, 54, 56, 66, 67, 68, 69, 72], "missing_lines": [24, 36], "executed_branches": [], "missing_branches": [], "summary": {"covered_lines": 20, "missing_lines": 2, "covered_branches": 0, "missing_branches": 0, "percent_covered": 90.9090909090909}}, "pymonet/lazy.py": {"executed_lines": [1, 4, 5, 6, 9, 10, 15, 20, 21, 22, 24, 25, 27, 31, 32, 33, 34, 35, 38, 39, 48, 50, 51, 52, 54, 56, 68, 80, 89, 90, 91, 93, 95, 102, 103, 104, 106, 113, 115, 117, 124, 126, 128, 139, 151, 158, 160], "missing_lines": [66, 78, 135, 137, 147, 149], "executed_branches": [[102, 103], [102, 104]], "missing_branches": [], "summary": {"covered_lines": 47, "missing_lines": 6, "covered_branches": 2, "missing_branches": 0, "percent_covered": 89.0909090909091}}, "pymonet/semigroups.py": {"executed_lines": [1, 2, 10, 11, 13, 14, 16, 17, 19, 20, 21, 24, 25, 29, 31, 32, 34, 41, 44, 45, 49, 51, 54, 64, 65, 69, 71, 74, 84, 85, 89, 92, 102, 103, 107, 110, 120, 121, 125, 128, 140, 141, 145, 147, 150, 160, 161, 165, 167, 170], "missing_lines": [52, 61, 72, 81, 90, 99, 108, 117, 126, 135, 136, 148, 157, 168, 177], "executed_branches": [], "missing_branches": [], "summary": {"covered_lines": 50, "missing_lines": 15, "covered_branches": 0, "missing_branches": 0, "percent_covered": 76.92307692307692}}, "pymonet/__init__.py": {"executed_lines": [1], "missing_lines": [], "executed_branches": [], "missing_branches": [], "summary": {"covered_lines": 1, "missing_lines": 0, "covered_branches": 0, "missing_branches": 0, "percent_covered": 100.0}}, "pymonet/immutable_list.py": {"executed_lines": [1, 4, 5, 8, 9, 13, 14, 15, 16, 18, 19, 20, 21, 22, 24, 25, 27, 36, 37, 39, 40, 42, 43, 44, 47, 48, 49, 51, 52, 54, 56, 57, 58, 59, 61, 62, 63, 66, 67, 68, 71, 72, 73, 75, 77, 88, 99, 108, 109, 111, 113, 132, 141, 142, 144, 145, 147, 150, 152, 161, 162, 164, 165, 168], "missing_lines": [86, 97, 122, 123, 124, 125, 127, 128, 130, 148], "executed_branches": [[36, 37], [36, 39], [39, 40], [39, 42], [48, 49], [48, 51], [51, 52], [51, 54], [58, 59], [58, 61], [72, 73], [72, 75], [108, 109], [108, 111], [141, 142], [141, 144], [144, 145], [144, 147], [147, 150], [161, 162], [161, 164], [164, 165], [164, 168]], "missing_branches": [[122, 123], [122, 127], [123, 124], [123, 125], [127, 128], [127, 130], [147, 148]], "summary": {"covered_lines": 64, "missing_lines": 10, "covered_branches": 23, "missing_branches": 7, "percent_covered": 83.65384615384616}}, "pymonet/box.py": {"executed_lines": [1, 4, 5, 8, 9, 13, 18, 20, 21, 23, 24, 26, 35, 37, 48, 57, 59, 70, 77, 79, 81, 92, 99, 101, 103, 110, 112], "missing_lines": [46, 66, 68, 88, 90], "executed_branches": [], "missing_branches": [], "summary": {"covered_lines": 27, "missing_lines": 5, "covered_branches": 0, "missing_branches": 0, "percent_covered": 84.375}}, "pymonet/maybe.py": {"executed_lines": [1, 4, 5, 8, 9, 14, 15, 16, 17, 19, 20, 21, 22, 24, 25, 33, 35, 36, 42, 44, 60, 69, 70, 71, 73, 87, 101, 110, 111, 112, 114, 121, 123, 124, 125, 127, 134, 136, 137, 138, 140, 153, 160, 162, 163, 164, 166, 173, 175, 176, 177], "missing_lines": [54, 55, 56, 57, 83, 84, 85, 97, 98, 99, 147, 149, 150, 151], "executed_branches": [[16, 0], [16, 17], [69, 70], [69, 71], [110, 111], [110, 112], [123, 124], [123, 125], [136, 137], [136, 138], [162, 163], [162, 164], [175, 176], [175, 177]], "missing_branches": [[54, 55], [54, 56], [83, 84], [83, 85], [97, 98], [97, 99], [149, 150], [149, 151]], "summary": {"covered_lines": 51, "missing_lines": 14, "covered_branches": 14, "missing_branches": 8, "percent_covered": 74.71264367816092}}, "pymonet/utils.py": {"executed_lines": [1, 3, 6, 9, 15, 16, 18, 19, 20, 21, 22, 25, 34, 37, 46, 49, 50, 51, 54, 55, 56, 59, 60, 61, 64, 65, 76, 77, 78, 81, 92, 93, 94, 95, 99, 110, 111, 112, 113, 117, 118, 119, 132, 133, 134, 135, 137, 140, 154, 156, 157, 158, 159, 160, 161, 163, 165], "missing_lines": [], "executed_branches": [[15, 16], [15, 18], [19, 20], [19, 21], [76, 0], [76, 77], [77, 76], [77, 78], [133, 134], [134, 133], [134, 135], [158, 159], [158, 160]], "missing_branches": [[133, 0]], "summary": {"covered_lines": 57, "missing_lines": 0, "covered_branches": 13, "missing_branches": 1, "percent_covered": 98.59154929577464}}, "pymonet/either.py": {"executed_lines": [1, 4, 5, 8, 9, 14, 15, 17, 18, 19, 20, 22, 33, 34, 35, 37, 48, 55, 57, 59, 70, 81, 85, 86, 88, 97, 106, 111, 113, 120, 127, 138, 150, 151, 153, 162, 164, 175, 182, 187, 189, 200], "missing_lines": [46, 66, 68, 77, 79, 82, 95, 104, 118, 125, 134, 136, 145, 147, 173, 180, 196, 198, 207, 209], "executed_branches": [[33, 34], [33, 35]], "missing_branches": [], "summary": {"covered_lines": 42, "missing_lines": 20, "covered_branches": 2, "missing_branches": 0, "percent_covered": 68.75}}, "pymonet/validation.py": {"executed_lines": [1, 2, 4, 5, 6, 8, 12, 13, 14, 16, 17, 18, 19, 21, 22, 31, 33, 34, 43, 45, 52, 54, 61, 63, 72, 74, 83, 85, 98, 105, 107, 108, 109, 111, 124, 131, 133, 135, 146], "missing_lines": [96, 118, 120, 121, 122, 142, 144, 153, 155], "executed_branches": [[17, 18], [17, 19], [107, 108], [107, 109]], "missing_branches": [[120, 121], [120, 122]], "summary": {"covered_lines": 39, "missing_lines": 9, "covered_branches": 4, "missing_branches": 2, "percent_covered": 79.62962962962963}}, "pymonet/monad_try.py": {"executed_lines": [1, 4, 5, 10, 11, 12, 14, 15, 16, 17, 19, 20, 22, 23, 35, 36, 37, 38, 40, 49, 50, 51, 53, 66, 75, 76, 77, 79, 88, 89, 90, 92, 103, 104, 105, 107, 114, 116, 126, 127, 128], "missing_lines": [62, 63, 64], "executed_branches": [[49, 50], [49, 51], [75, 76], [75, 77], [88, 89], [88, 90], [103, 104], [103, 105], [126, 127], [126, 128]], "missing_branches": [[62, 63], [62, 64]], "summary": {"covered_lines": 41, "missing_lines": 3, "covered_branches": 10, "missing_branches": 2, "percent_covered": 91.07142857142857}}}, "summary": {"covered_lines": 439, "missing_lines": 84, "covered_branches": 68, "missing_branches": 20, "percent_covered": 82.97872340425532}}, "final_coverage": {"meta": {"software": "slipcover", "version": "1.0.14", "timestamp": "2024-05-31T16:27:25.360071", "branch_coverage": true, "show_contexts": false}, "files": {"pymonet/task.py": {"executed_lines": [1, 2, 7, 12, 14, 15, 26, 27, 38, 48, 49, 50, 51, 54, 56, 66, 67, 68, 69, 72], "missing_lines": [24, 36], "executed_branches": [], "missing_branches": [], "summary": {"covered_lines": 20, "missing_lines": 2, "covered_branches": 0, "missing_branches": 0, "percent_covered": 90.9090909090909}}, "pymonet/lazy.py": {"executed_lines": [1, 4, 5, 6, 9, 10, 15, 20, 21, 22, 24, 25, 27, 31, 32, 33, 34, 35, 38, 39, 48, 50, 51, 52, 54, 56, 66, 68, 80, 89, 90, 91, 93, 95, 102, 103, 104, 106, 113, 115, 117, 124, 126, 128, 139, 147, 149, 151, 158, 160], "missing_lines": [78, 135, 137], "executed_branches": [[102, 103], [102, 104]],