{"version": 2, "done": {}, "cost": 0, "counters": {"G": 0, "F": 0, "U": 0, "R": 0}, "coverage": {"meta": {"software": "slipcover", "version": "1.0.15", "timestamp": "2024-09-04T20:00:33.484070", "branch_coverage": true, "show_contexts": false}, "files": {"sty/renderfunc.py": {"executed_lines": [1, 9, 10, 13, 14, 17, 18, 21, 25], "missing_lines": [22, 26], "executed_branches": [], "missing_branches": [], "summary": {"covered_lines": 9, "missing_lines": 2, "covered_branches": 0, "missing_branches": 0, "percent_covered": 81.81818181818181}}, "sty/lib.py": {"executed_lines": [1, 4, 10, 11, 14, 15, 16, 17, 20, 26, 27, 30, 31, 32, 33], "missing_lines": [], "executed_branches": [[14, 0], [14, 15], [15, 16], [15, 17], [30, 0], [30, 31], [31, 32], [31, 33]], "missing_branches": [], "summary": {"covered_lines": 15, "missing_lines": 0, "covered_branches": 8, "missing_branches": 0, "percent_covered": 100.0}}, "sty/rendertype.py": {"executed_lines": [1, 6, 7, 10, 11, 19, 20, 23, 24, 32, 33, 36, 37, 45, 46, 49, 50, 60, 64, 65, 75], "missing_lines": [61, 76], "executed_branches": [], "missing_branches": [], "summary": {"covered_lines": 21, "missing_lines": 2, "covered_branches": 0, "missing_branches": 0, "percent_covered": 91.30434782608695}}, "sty/__init__.py": {"executed_lines": [1, 2, 3, 4], "missing_lines": [], "executed_branches": [], "missing_branches": [], "summary": {"covered_lines": 4, "missing_lines": 0, "covered_branches": 0, "missing_branches": 0, "percent_covered": 100.0}}, "sty/register.py": {"executed_lines": [1, 4, 5, 6, 9, 10, 12, 14, 16, 17, 18, 19, 20, 21, 22, 23, 24, 25, 26, 29, 32, 33, 35, 37, 38, 39, 41, 42, 46, 47, 48, 49, 50, 51, 52, 53, 55, 58, 59, 60, 61, 62, 63, 64, 65, 68, 69, 70, 71, 72, 73, 74, 75, 78, 79, 81, 83, 84, 85, 87, 88, 92, 93, 94, 95, 96, 97, 98, 99, 101, 104, 105, 106, 107, 108, 109, 110, 111, 114, 115, 116, 117, 118, 119, 120, 121, 124, 125, 127, 129, 131, 132, 133, 135, 137, 138, 139, 140, 141, 142, 143, 144, 145, 146, 149, 150, 151, 152], "missing_lines": [], "executed_branches": [], "missing_branches": [], "summary": {"covered_lines": 108, "missing_lines": 0, "covered_branches": 0, "missing_branches": 0, "percent_covered": 100.0}}, "sty/primitive.py": {"executed_lines": [1, 4, 5, 6, 8, 10, 12, 15, 16, 32, 34, 35, 36, 37, 40, 41, 42, 43, 45, 46, 48, 50, 51, 52, 53, 55, 56, 57, 58, 61, 63, 66, 67, 72, 73, 74, 75, 76, 78, 80, 82, 83, 85, 86, 88, 91, 93, 99, 100, 102, 104, 107, 108, 113, 116, 117, 120, 122, 129, 130, 132, 139, 140, 142, 150, 153, 154, 155, 156, 158, 163, 165, 166, 167, 168, 170, 174, 176, 177, 178, 179, 181, 185, 187, 189, 191, 193, 195, 199, 200, 202, 206], "missing_lines": [], "executed_branches": [[48, 50], [48, 63], [50, 51], [50, 55], [55, 56], [55, 61], [80, 82], [80, 91], [82, 83], [82, 85], [99, 100], [99, 102], [104, 107], [104, 116], [107, 108], [107, 113], [116, 117], [116, 120], [153, 0], [153, 154], [155, 153], [155, 156], [165, 0], [165, 166], [167, 165], [167, 168], [176, 0], [176, 177], [178, 176], [178, 179], [187, 189], [187, 193], [189, 187], [189, 191]], "missing_branches": [], "summary": {"covered_lines": 92, "missing_lines": 0, "covered_branches": 34, "missing_branches": 0, "percent_covered": 100.0}}}, "summary": {"covered_lines": 249, "missing_lines": 4, "covered_branches": 42, "missing_branches": 0, "percent_covered": 98.64406779661017}}, "final_coverage": {"meta": {"software": "slipcover", "version": "1.0.15", "timestamp": "2024-09-04T20:00:36.581495", "branch_coverage": true, "show_contexts": false}, "files": {"sty/renderfunc.py": {"executed_lines": [1, 9, 10, 13, 14, 17, 18, 21, 25], "missing_lines": [22, 26], "executed_branches": [], "missing_branches": [], "summary": {"covered_lines": 9, "missing_lines": 2, "covered_branches": 0, "missing_branches": 0, "percent_covered": 81.81818181818181}}, "sty/lib.py": {"executed_lines": [1, 4, 10, 11, 14, 15, 16, 17, 20, 26, 27, 30, 31, 32, 33], "missing_lines": [], "executed_branches": [[14, 0], [14, 15], [15, 16], [15, 17], [30, 0], [30, 31], [31, 32], [31, 33]], "missing_branches": [], "summary": {"covered_lines": 15, "missing_lines": 0, "covered_branches": 8, "missing_branches": 0, "percent_covered": 100.0}}, "sty/rendertype.py": {"executed_lines": [1, 6, 7, 10, 11, 19, 20, 23, 24, 32, 33, 36, 37, 45, 46, 49, 50, 60, 64, 65, 75], "missing_lines": [61, 76], "executed_branches": [], "missing_branches": [], "summary": {"covered_lines": 21, "missing_lines": 2, "covered_branches": 0, "missing_branches": 0, "percent_covered": 91.30434782608695}}, "sty/__init__.py": {"executed_lines": [1, 2, 3, 4], "missing_lines": [], "executed_branches": [], "missing_branches": [], "summary": {"covered_lines": 4, "missing_lines": 0, "covered_branches": 0, "missing_branches": 0, "percent_covered": 100.0}}, "sty/register.py": {"executed_lines": [1, 4, 5, 6, 9, 10, 12, 14, 16, 17, 18, 19, 20, 21, 22, 23, 24, 25, 26, 29, 32, 33, 35, 37, 38, 39, 41, 42, 46, 47, 48, 49, 50, 51, 52, 53, 55, 58, 59, 60, 61, 62, 63, 64, 65, 68, 69, 70, 71, 72, 73, 74, 75, 78, 79, 81, 83, 84, 85, 87, 88, 92, 93, 94, 95, 96, 97, 98, 99, 101, 104, 105, 106, 107, 108, 109, 110, 111, 114, 115, 116, 117, 118, 119, 120, 121, 124, 125, 127, 129, 131, 132, 133, 135, 137, 138, 139, 140, 141, 142, 143, 144, 145, 146, 149, 150, 151, 152], "missing_lines": [], "executed_branches": [], "missing_branches": [], "summary": {"covered_lines": 108, "missing_lines": 0, "covered_branches": 0, "missing_branches": 0, "percent_covered": 100.0}}, "sty/primitive.py": {"executed_lines": [1, 4, 5, 6, 8, 10, 12, 15, 16, 32, 34, 35, 36, 37, 40, 41, 42, 43, 45, 46, 48, 50, 51, 52, 53, 55, 56, 57, 58, 61, 63, 66, 67, 72, 73, 74, 75, 76, 78, 80, 82, 83, 85, 86, 88, 91, 93, 99, 100, 102, 104, 107, 108, 113, 116, 117, 120, 122, 129, 130, 132, 139, 140, 142, 150, 153, 154, 155, 156, 158, 163, 165, 166, 167, 168, 170, 174, 176, 177, 178, 179, 181, 185, 187, 189, 191, 193, 195, 199, 200, 202, 206], "missing_lines": [], "executed_branches": [[48, 50], [48, 63], [50, 51], [50, 55], [55, 56], [55, 61], [80, 82], [80, 91], [82, 83], [82, 85], [99, 100], [99, 102], [104, 107], [104, 116], [107, 108], [107, 113], [116, 117], [116, 120], [153, 0], [153, 154], [155, 153], [155, 156], [165, 0], [165, 166], [167, 165], [167, 168], [176, 0], [176, 177], [178, 176], [178, 179], [187, 189], [187, 193], [189, 187], [189, 191]], "missing_branches": [], "summary": {"covered_lines": 92, "missing_lines": 0, "covered_branches": 34, "missing_branches": 0, "percent_covered": 100.0}}}, "summary": {"covered_lines": 249, "missing_lines": 4, "covered_branches": 42, "missing_branches": 0, "percent_covered": 98.64406779661017}}}