{"version": 2, "done": {"/output/dataclasses_json/mm.py": [[201, 209], [69, 114], [178, 181], [161, 164], [278, 316], [49, 67], [210, 215], [155, 160], [182, 189], [174, 177], [169, 173], [29, 47], [227, 276], [190, 195], [216, 220], [196, 200]], "/output/dataclasses_json/core.py": [[315, 339], [90, 94], [53, 88], [130, 209], [96, 116], [32, 51], [241, 281]], "/output/dataclasses_json/undefined.py": [[133, 168], [79, 119], [17, 57], [203, 208], [169, 192], [209, 242]]}, "cost": 0.9668949999999998, "counters": {"G": 4, "F": 55, "U": 23, "R": 0}, "coverage": {"meta": {"software": "slipcover", "version": "1.0.15", "timestamp": "2025-01-31T02:18:57.961657", "branch_coverage": true, "show_contexts": false}, "files": {"dataclasses_json/__init__.py": {"executed_lines": [2, 5, 6], "missing_lines": [], "executed_branches": [], "missing_branches": [], "summary": {"covered_lines": 3, "missing_lines": 0, "covered_branches": 0, "missing_branches": 0, "percent_covered": 100.0}}, "dataclasses_json/api.py": {"executed_lines": [1, 2, 3, 4, 7, 10, 11, 13, 14, 15, 18, 19, 20, 21, 24, 25, 26, 27, 28, 31, 32, 37, 39, 41, 42, 43, 44, 45, 46, 47, 48, 49, 62, 63, 64, 66, 67, 68, 69, 70, 78, 79, 80, 82, 85, 88, 89, 91, 92, 93, 94, 95, 96, 97, 98, 99, 118, 119, 130, 131, 133, 134, 135, 138, 139, 140, 141, 142, 144, 147, 148, 149, 150, 152, 154, 155], "missing_lines": [50, 51, 52, 53, 54, 55, 56, 57, 58, 59, 60, 71, 72, 73, 74, 75, 76, 83, 86, 100, 102, 103, 104, 106, 108, 109, 110, 111, 112, 113, 114, 115], "executed_branches": [[133, 134], [133, 135], [139, 140], [139, 144]], "missing_branches": [[102, 103], [102, 108], [104, 106], [104, 108]], "summary": {"covered_lines": 76, "missing_lines": 32, "covered_branches": 4, "missing_branches": 4, "percent_covered": 68.96551724137932}}, "dataclasses_json/core.py": {"executed_lines": [1, 2, 3, 4, 6, 11, 12, 13, 14, 15, 17, 19, 20, 26, 28, 29, 32, 33, 53, 54, 55, 56, 57, 58, 59, 61, 63, 65, 67, 68, 69, 71, 72, 73, 75, 76, 78, 80, 83, 85, 86, 87, 90, 96, 97, 98, 99, 100, 103, 104, 105, 106, 107, 109, 110, 112, 113, 114, 115, 118, 120, 121, 122, 123, 124, 125, 126, 127, 130, 131, 133, 134, 135, 136, 137, 138, 140, 149, 151, 152, 153, 156, 159, 160, 161, 175, 176, 177, 181, 182, 189, 200, 205, 206, 208, 211, 212, 216, 217, 219, 220, 221, 222, 223, 224, 225, 226, 227, 228, 230, 231, 234, 235, 236, 237, 238, 241, 242, 243, 244, 247, 249, 267, 270, 271, 272, 273, 279, 280, 283, 290, 291, 292, 295, 305, 306, 307, 308, 309, 311, 312, 315], "missing_lines": [35, 36, 37, 39, 40, 41, 42, 43, 44, 45, 46, 47, 49, 50, 60, 62, 64, 66, 77, 79, 81, 91, 92, 93, 132, 141, 142, 143, 144, 145, 146, 157, 162, 163, 164, 165, 166, 169, 171, 172, 173, 179, 184, 185, 187, 188, 194, 195, 197, 198, 199, 201, 202, 203, 250, 251, 254, 255, 256, 258, 262, 263, 264, 265, 269, 274, 275, 277, 320, 321, 322, 323, 324, 326, 327, 328, 329, 330, 331, 332, 333, 334, 335, 336, 338], "executed_branches": [[58, 59], [58, 65], [59, 61], [61, 63], [63, 58], [72, 73], [72, 87], [76, 78], [78, 80], [80, 83], [98, 99], [98, 115], [99, 100], [103, 104], [103, 105], [112, 113], [112, 114], [121, 122], [121, 127], [123, 121], [123, 124], [125, 121], [125, 126], [131, 133], [140, 149], [153, 156], [153, 208], [156, 159], [161, 175], [175, 176], [176, 177], [181, 189], [189, 200], [200, 205], [212, 216], [212, 221], [216, 217], [216, 219], [221, 222], [221, 225], [225, 226], [225, 230], [242, 243], [242, 244], [244, 247], [244, 249], [249, 267], [267, 270], [270, 271], [270, 279], [272, 273], [305, 306], [305, 308], [308, 309], [308, 311]], "missing_branches": [[35, 36], [35, 40], [36, 37], [36, 39], [40, 41], [40, 42], [42, 43], [42, 44], [44, 45], [44, 46], [46, 47], [46, 49], [59, 60], [61, 62], [63, 64], [76, 77], [78, 79], [80, 81], [91, 92], [91, 93], [99, 112], [131, 132], [140, 141], [141, 142], [141, 143], [143, 144], [143, 145], [145, 140], [145, 146], [156, 157], [161, 162], [164, 165], [164, 171], [176, 179], [181, 184], [184, 185], [184, 187], [189, 194], [194, 195], [194, 197], [200, 201], [249, 250], [250, 251], [250, 258], [267, 269], [272, 274], [274, 275], [274, 277], [320, 321], [320, 330], [322, 323], [322, 326], [330, 331], [330, 334], [334, 336], [334, 338]], "summary": {"covered_lines": 142, "missing_lines": 85, "covered_branches": 55, "missing_branches": 56, "percent_covered": 58.28402366863905}}, "dataclasses_json/undefined.py": {"executed_lines": [1, 2, 3, 4, 5, 6, 7, 9, 11, 13, 14, 17, 18, 19, 20, 26, 27, 31, 33, 34, 38, 40, 41, 42, 44, 45, 46, 50, 51, 52, 53, 54, 55, 56, 59, 60, 65, 66, 67, 68, 69, 70, 71, 72, 73, 76, 79, 80, 86, 87, 93, 94, 121, 122, 130, 131, 133, 134, 135, 136, 137, 138, 140, 164, 166, 167, 169, 170, 176, 177, 179, 181, 182, 183, 185, 189, 191, 193, 194, 195, 196, 197, 198, 199, 200, 201, 203, 204, 209, 210, 211, 212, 214, 215, 216, 217, 218, 219, 220, 221, 222, 223, 224, 226, 227, 228, 229, 231, 232, 233, 234, 235, 236, 237, 238, 239, 241, 243, 244, 245, 246, 247, 248, 249, 250, 251, 252, 253, 254, 256, 259, 260, 264, 265, 266, 269, 270, 273], "missing_lines": [24, 88, 89, 90, 91, 95, 96, 98, 99, 100, 101, 102, 103, 104, 105, 107, 108, 109, 110, 112, 113, 114, 115, 116, 118, 142, 143, 144, 145, 148, 149, 150, 151, 152, 154, 155, 156, 158, 160, 161, 162, 184, 205, 206, 207], "executed_branches": [[70, 71], [70, 73], [140, 164], [183, 185], [185, 189], [185, 191], [198, 199], [198, 201], [221, 223], [248, 249], [248, 251], [251, 252], [251, 256]], "missing_branches": [[140, 142], [148, 149], [148, 150], [150, 151], [150, 152], [152, 154], [152, 158], [155, 156], [155, 166], [183, 184], [221, 224]], "summary": {"covered_lines": 138, "missing_lines": 45, "covered_branches": 13, "missing_branches": 11, "percent_covered": 72.94685990338164}}, "dataclasses_json/cfg.py": {"executed_lines": [1, 2, 4, 6, 8, 11, 12, 16, 17, 21, 23, 24, 25, 26, 41, 44, 47, 48, 49, 50, 51, 52, 53, 54, 55, 56, 58, 60, 61, 63, 64, 66, 67, 69, 70, 71, 72, 73, 75, 76, 77, 79, 80, 82, 84, 85, 86, 87, 88, 89, 90, 92, 94, 95, 97], "missing_lines": [], "executed_branches": [[55, 56], [55, 58], [60, 61], [60, 63], [63, 64], [63, 66], [66, 67], [66, 69], [69, 70], [69, 79], [70, 72], [70, 75], [79, 80], [79, 82], [82, 84], [82, 94], [84, 85], [84, 92], [85, 86], [85, 90], [94, 95], [94, 97]], "missing_branches": [], "summary": {"covered_lines": 55, "missing_lines": 0, "covered_branches": 22, "missing_branches": 0, "percent_covered": 100.0}}, "dataclasses_json/utils.py": {"executed_lines": [1, 2, 3, 4, 7, 29, 32, 33, 34, 35, 43, 44, 47, 48, 49, 50, 51, 53, 56, 65, 66, 67, 68, 69, 70, 71, 74, 86, 87, 90, 91, 92, 93, 96, 100, 101, 104, 109, 115, 116, 117, 119, 120, 121, 123, 126, 129, 134, 135, 136, 137, 138, 141, 144, 146, 147, 156], "missing_lines": [9, 10, 11, 12, 13, 14, 15, 16, 18, 20, 21, 22, 23, 25, 26, 36, 37, 38, 39, 41, 57, 58, 59, 60, 62, 75, 77, 78, 80, 81, 82, 83, 97, 105, 106, 110, 111, 112, 118, 124, 139, 140, 142, 143, 145, 149, 150, 151], "executed_branches": [[35, 43], [117, 119], [123, 126], [136, 137], [136, 138], [138, 141], [141, 144], [144, 146], [146, 147]], "missing_branches": [[9, 10], [9, 25], [35, 36], [77, 78], [77, 80], [117, 118], [123, 124], [138, 139], [141, 142], [144, 145], [146, 149]], "summary": {"covered_lines": 57, "missing_lines": 48, "covered_branches": 9, "missing_branches": 11, "percent_covered": 52.8}},