{"version": 2, "done": {"/output/string_utils/validation.py": [[247, 284], [204, 245], [497, 514], [451, 495]], "/output/string_utils/manipulation.py": [[161, 171], [116, 157], [250, 278], [246, 249], [324, 355]], "/output/string_utils/generation.py": [[88, 141]]}, "cost": 0.215575, "counters": {"G": 5, "F": 16, "U": 0, "R": 0}, "coverage": {"meta": {"software": "slipcover", "version": "1.0.15", "timestamp": "2025-01-31T03:00:40.284713", "branch_coverage": true, "show_contexts": false}, "files": {"string_utils/generation.py": {"executed_lines": [4, 11, 12, 13, 14, 15, 16, 18, 21, 33, 35, 36, 38, 41, 53, 54, 56, 57, 58, 60, 63, 78, 79, 81, 82, 83, 85, 88, 106, 107, 109, 112, 113, 115, 116, 118, 119, 122, 123, 124, 127, 130, 131, 132, 135, 136, 137, 138, 140], "missing_lines": [110], "executed_branches": [[35, 36], [35, 38], [53, 54], [53, 56], [78, 79], [78, 81], [109, 112], [112, 113], [112, 115], [115, 0], [115, 116], [122, 123], [122, 127], [137, 138], [137, 140]], "missing_branches": [[109, 110]], "summary": {"covered_lines": 49, "missing_lines": 1, "covered_branches": 15, "missing_branches": 1, "percent_covered": 96.96969696969697}}, "string_utils/__init__.py": {"executed_lines": [3, 7, 8, 9], "missing_lines": [], "executed_branches": [], "missing_branches": [], "summary": {"covered_lines": 4, "missing_lines": 0, "covered_branches": 0, "missing_branches": 0, "percent_covered": 100.0}}, "string_utils/errors.py": {"executed_lines": [3, 6, 7, 11, 15, 16, 17], "missing_lines": [], "executed_branches": [], "missing_branches": [], "summary": {"covered_lines": 7, "missing_lines": 0, "covered_branches": 0, "missing_branches": 0, "percent_covered": 100.0}}, "string_utils/validation.py": {"executed_lines": [4, 31, 32, 33, 35, 36, 42, 43, 44, 45, 47, 49, 50, 51, 53, 54, 55, 56, 58, 60, 61, 63, 65, 66, 67, 69, 70, 71, 73, 75, 76, 78, 83, 95, 98, 113, 116, 135, 136, 138, 141, 156, 159, 172, 177, 193, 194, 196, 198, 199, 201, 204, 220, 221, 223, 225, 228, 229, 232, 233, 234, 236, 238, 240, 244, 247, 286, 305, 308, 329, 330, 331, 332, 334, 335, 336, 337, 340, 342, 345, 359, 360, 361, 362, 363, 365, 368, 385, 387, 388, 390, 393, 407, 408, 411, 412, 413, 415, 418, 431, 434, 448, 451, 497, 516, 529, 532, 547, 548, 550, 552, 555, 571, 572, 574, 577, 595, 596, 598, 601, 617, 618, 621, 637, 638, 641, 656, 657], "missing_lines": [242, 269, 270, 272, 273, 274, 275, 277, 279, 280, 281, 283, 471, 472, 474, 475, 477, 483, 484, 485, 487, 488, 489, 491, 492, 494, 510, 511, 513], "executed_branches": [[44, 45], [44, 47], [50, 51], [50, 63], [54, 55], [54, 58], [66, 67], [66, 78], [70, 71], [70, 73], [135, 136], [135, 138], [193, 194], [193, 196], [198, 199], [198, 201], [220, 221], [220, 223], [228, 229], [228, 232], [233, 234], [233, 236], [240, 244], [329, 330], [329, 342], [359, 360], [359, 365], [387, 388], [387, 390], [407, 408], [407, 411], [411, 412], [411, 415], [412, 411], [412, 413], [547, 548], [547, 550], [571, 572], [571, 574], [595, 596], [595, 598]], "missing_branches": [[240, 242], [269, 270], [269, 272], [272, 273], [272, 279], [273, 274], [273, 277], [279, 280], [279, 283], [280, 279], [280, 281], [471, 472], [471, 474], [474, 475], [474, 477], [483, 484], [483, 494], [487, 488], [487, 491], [491, 483], [491, 492], [510, 511], [510, 513]], "summary": {"covered_lines": 128, "missing_lines": 29, "covered_branches": 41, "missing_branches": 23, "percent_covered": 76.47058823529412}}, "string_utils/manipulation.py": {"executed_lines": [4, 21, 22, 23, 24, 25, 26, 28, 29, 30, 36, 38, 40, 42, 44, 46, 50, 52, 53, 55, 56, 59, 60, 63, 64, 67, 68, 71, 72, 73, 76, 78, 79, 81, 83, 84, 86, 88, 89, 91, 92, 95, 97, 100, 104, 106, 108, 109, 110, 111, 112, 114, 116, 117, 118, 122, 125, 128, 131, 133, 136, 142, 145, 146, 152, 154, 156, 159, 161, 162, 163, 166, 167, 169, 172, 173, 174, 176, 177, 180, 183, 188, 191, 193, 195, 196, 197, 201, 204, 207, 209, 212, 213, 214, 215, 217, 219, 220, 222, 223, 225, 226, 227, 229, 230, 232, 233, 235, 236, 238, 239, 241, 242, 246, 247, 250, 252, 253, 256, 257, 260, 263, 264, 265, 266, 267, 268, 269, 270, 271, 274, 277, 282, 294, 295, 297, 300, 315, 316, 318, 319, 321, 324, 357, 369, 370, 373, 376, 379, 382, 397, 398, 400, 402, 405, 429, 430, 433, 447, 448, 451, 454, 457, 459, 462, 485, 486, 489, 492, 495, 497, 500, 523, 524, 526, 529, 551, 552, 554, 555, 556, 558, 561, 595, 598, 608, 611, 634, 637, 649], "missing_lines": [119, 164, 170, 248, 261, 275, 341, 342, 344, 345, 347, 349, 350, 352, 354], "executed_branches": [[55, 56], [55, 59], [59, 60], [59, 63], [63, 64], [63, 67], [67, 68], [67, 71], [71, 72], [71, 76], [83, 84], [83, 86], [88, 89], [88, 91], [95, 97], [95, 106], [110, 111], [110, 114], [111, 110], [111, 112], [118, 122], [131, 133], [131, 156], [145, 146], [145, 152], [163, 166], [166, 167], [166, 169], [169, 0], [176, 177], [176, 180], [214, 215], [214, 217], [260, 263], [274, 277], [294, 295], [294, 297], [315, 316], [315, 318], [318, 319], [318, 321], [369, 370], [369, 373], [397, 398], [397, 400], [447, 448], [447, 451], [485, 486], [485, 489], [523, 524], [523, 526], [551, 552], [551, 554]], "missing_branches": [[118, 119], [163, 164], [169, 170], [260, 261], [274, 275], [341, 342], [341, 344], [344, 345], [344, 347], [349, 350], [349, 352]], "summary": {"covered_lines": 190, "missing_lines": 15, "covered_branches": 53, "missing_branches": 11, "percent_covered": 90.33457249070632}}, "string_utils/_regex.py": {"executed_lines": [3, 7, 9, 10, 21, 23, 25, 27, 29, 31, 33, 35, 37, 39, 41, 43, 45, 46, 47, 48, 49, 50, 51, 54, 56, 58, 60, 62, 64, 66, 67, 68, 71, 72, 73, 76, 78, 80, 81, 82, 87, 88, 97, 100, 101, 110, 114, 117, 119, 120, 134, 137, 138, 142, 145, 146, 149, 153, 155, 157, 159], "missing_lines": [], "executed_branches": [], "missing_branches": [], "summary": {"covered_lines": 61, "missing_lines": 0, "covered_branches": 0, "missing_branches": 0, "percent_covered": 100.0}}}, "summary": {"covered_lines": 439, "missing_lines": 45, "covered_branches": 109, "missing_branches": 35, "percent_covered": 87.26114649681529}}, "final_coverage": {"meta": {"software": "slipcover", "version": "1.0.15", "timestamp": "2025-01-31T03:01:21.522019", "branch_coverage": true, "show_contexts": false}, "files": {"string_utils/generation.py": {"executed_lines": [4, 11, 12, 13, 14, 15, 16, 18, 21, 33, 35, 36, 38, 41, 53, 54, 56, 57, 58, 60, 63, 78, 79, 81, 82, 83, 85, 88, 106, 107, 109, 110, 112, 113, 115, 116, 118, 119, 122, 123, 124, 127, 130, 131, 132, 135, 136, 137, 138, 140], "missing_lines": [], "executed_branches": [[35, 36], [35, 38], [53, 54], [53, 56], [78, 79], [78, 81], [109, 110], [109, 112], [112, 113], [112, 115], [115, 0], [115, 116], [122, 123], [122, 127], [137, 138], [137, 140]], "missing_branches": [], "summary": {"covered_lines": 50, "missing_lines": 0, "covered_branches": 16, "missing_branches": 0, "percent_covered": 100.0}}, "string_utils/__init__.py": {"executed_lines": [3, 7, 8, 9], "missing_lines": [], "executed_branches": [], "missing_branches": [], "summary": {"covered_lines": 4, "missing_lines": 0, "covered_branches": 0, "missing_branches": 0, "percent_covered": 100.0}}, "string_utils/errors.py": {"executed_lines": [3, 6, 7, 11, 15, 16, 17], "missing_lines": [], "executed_branches": [], "missing_branches": [], "summary": {"covered_lines": 7, "missing_lines": 0, "covered_branches": 0, "missing_branches": 0, "percent_covered": 100.0}},