{"meta": {"software": "slipcover", "version": "1.0.15", "timestamp": "2024-09-10T16:39:32.537643", "branch_coverage": true, "show_contexts": false}, "files": {"tmp2n9av792/test.py": {"executed_lines": [1, 2, 4, 5, 6, 7, 8, 9, 10, 11, 12, 13, 14], "missing_lines": [16, 17, 18, 19, 20, 21, 23, 24, 25, 26, 27, 28, 30, 31, 32, 33, 34, 36, 37, 38, 39, 40, 41, 43, 44, 45, 46, 47, 48, 50, 51, 52, 53, 54, 55, 57, 58, 59, 60, 61, 62, 64, 65, 66, 67, 68, 69, 71, 72, 73, 74, 75, 76, 78, 79, 80, 81, 82, 83, 85, 86, 87, 88, 89, 90, 91, 93, 94, 95, 96, 97, 98, 100, 101, 102, 103, 104, 105, 107, 108, 109, 110, 111, 112, 114, 115, 116, 117, 118, 119, 120, 122, 123, 124, 125, 126, 127, 129, 130, 131, 132, 133, 134, 136, 137, 138, 139, 140, 142, 143, 144, 145, 146, 147, 149, 150, 151, 152, 153], "executed_branches": [], "missing_branches": [], "summary": {"covered_lines": 13, "missing_lines": 119, "covered_branches": 0, "missing_branches": 0, "percent_covered": 9.848484848484848}}, "tmp2n9av792/m.py": {"executed_lines": [1, 4, 6, 9, 11, 12, 13, 14, 15, 16, 17, 18, 20, 21], "missing_lines": [], "executed_branches": [[12, 13], [12, 15], [15, 16], [15, 21], [17, 18], [17, 20]], "missing_branches": [], "summary": {"covered_lines": 14, "missing_lines": 0, "covered_branches": 6, "missing_branches": 0, "percent_covered": 100.0}}}, "summary": {"covered_lines": 27, "missing_lines": 119, "covered_branches": 6, "missing_branches": 0, "percent_covered": 21.710526315789473}}
