{"meta": {"software": "slipcover", "version": "1.0.15", "timestamp": "2024-09-10T16:39:36.108090", "branch_coverage": true, "show_contexts": false}, "files": {"tmptthssq2f/test.py": {"executed_lines": [1, 2, 4, 5, 6, 7, 8, 9, 10, 11, 12, 13, 14, 16, 17, 18, 19, 20, 21, 23, 24, 25, 26, 27, 28, 30, 31, 32, 33, 34, 35], "missing_lines": [37, 38, 39, 40, 41, 42, 43, 45, 46, 47, 48, 49, 50, 52, 53, 54, 55, 56, 57, 59, 60, 61, 62, 63, 64, 66, 67, 68, 69, 70, 71], "executed_branches": [], "missing_branches": [], "summary": {"covered_lines": 31, "missing_lines": 31, "covered_branches": 0, "missing_branches": 0, "percent_covered": 50.0}}, "tmptthssq2f/m.py": {"executed_lines": [1, 3, 5, 6, 7, 8, 9, 10, 11, 12, 13, 14, 15, 16, 17, 18], "missing_lines": [], "executed_branches": [[6, 7], [6, 8], [8, 9], [8, 11], [9, 8], [9, 10], [13, 14], [15, 16], [15, 17], [17, 13], [17, 18]], "missing_branches": [[13, 0]], "summary": {"covered_lines": 16, "missing_lines": 0, "covered_branches": 11, "missing_branches": 1, "percent_covered": 96.42857142857143}}}, "summary": {"covered_lines": 47, "missing_lines": 31, "covered_branches": 11, "missing_branches": 1, "percent_covered": 64.44444444444444}}
