{"meta": {"software": "slipcover", "version": "1.0.15", "timestamp": "2024-09-10T16:39:38.794396", "branch_coverage": true, "show_contexts": false}, "files": {"tmp_9zim9k1/test.py": {"executed_lines": [1, 2, 4, 5, 6, 7, 8, 9, 10, 11, 12, 13, 14, 15, 16, 17, 18, 19, 20, 21, 22, 23], "missing_lines": [25, 26, 27, 28, 29, 30, 31, 32, 33, 34, 36, 37, 38, 39, 40, 41, 42, 43, 44, 46, 47, 48, 49, 50, 51, 52, 53, 54, 55, 57, 58, 59, 60, 61, 62, 63, 64, 65, 66, 68, 69, 70, 71, 72, 73, 74, 75, 76, 77, 79, 80, 81, 82, 83, 84, 85, 86, 87, 88], "executed_branches": [], "missing_branches": [], "summary": {"covered_lines": 22, "missing_lines": 59, "covered_branches": 0, "missing_branches": 0, "percent_covered": 27.160493827160494}}, "tmp_9zim9k1/m.py": {"executed_lines": [1, 3, 4, 5, 6, 7], "missing_lines": [], "executed_branches": [[4, 5], [4, 7]], "missing_branches": [], "summary": {"covered_lines": 6, "missing_lines": 0, "covered_branches": 2, "missing_branches": 0, "percent_covered": 100.0}}}, "summary": {"covered_lines": 28, "missing_lines": 59, "covered_branches": 2, "missing_branches": 0, "percent_covered": 33.70786516853933}}
