{"meta": {"software": "slipcover", "version": "1.0.15", "timestamp": "2024-09-10T16:39:44.927777", "branch_coverage": true, "show_contexts": false}, "files": {"tmp9lpo48wg/test.py": {"executed_lines": [1, 2, 4, 5, 6, 7, 8, 9, 10, 11, 12, 13, 14, 15, 16, 17, 18, 19, 20, 21, 22, 23, 24, 25, 26, 27, 28, 29, 30, 32, 33, 34, 35, 36, 37, 38, 39, 40, 41, 42, 44, 45, 46, 47, 48, 49, 50, 51, 52, 53, 54, 55, 56, 57, 58, 59, 61, 62, 63, 64, 65, 66, 67, 68, 69, 70, 71, 72, 74, 75, 76, 77, 78, 79, 80, 81, 82, 83, 84, 85, 87], "missing_lines": [88, 89, 90, 91, 92, 93, 94, 95, 96, 97, 98, 99, 101, 102, 103, 104, 105, 106, 107, 108, 109, 110, 111, 112], "executed_branches": [], "missing_branches": [], "summary": {"covered_lines": 81, "missing_lines": 24, "covered_branches": 0, "missing_branches": 0, "percent_covered": 77.14285714285714}}, "tmp9lpo48wg/m.py": {"executed_lines": [1, 3, 4, 5, 6, 7], "missing_lines": [], "executed_branches": [[3, 4], [3, 5], [5, 6], [5, 7]], "missing_branches": [], "summary": {"covered_lines": 6, "missing_lines": 0, "covered_branches": 4, "missing_branches": 0, "percent_covered": 100.0}}}, "summary": {"covered_lines": 87, "missing_lines": 24, "covered_branches": 4, "missing_branches": 0, "percent_covered": 79.1304347826087}}
