{"meta": {"software": "slipcover", "version": "1.0.15", "timestamp": "2024-09-10T16:39:54.381758", "branch_coverage": true, "show_contexts": false}, "files": {"tmpf7aq8fq_/test.py": {"executed_lines": [1, 2, 4, 5, 6, 7, 8, 9, 10, 11, 12, 13, 14, 15, 16, 17, 18, 19, 20, 22, 23, 24, 25, 26, 27, 28, 29, 30, 32, 33, 34, 35, 36, 37, 38, 39, 40, 42, 43, 44, 45, 46, 47, 48, 49, 50, 52, 53, 54, 55, 56, 57, 58, 59, 60, 62, 63, 64, 65, 66, 67, 68, 69, 70, 72, 73, 74, 75, 76, 77, 78, 79, 80, 82, 83, 84, 85, 86, 87, 88, 89, 90, 92, 93, 94, 95, 96, 97, 98, 99, 100, 102, 103, 104, 105, 106, 107, 108, 109, 110], "missing_lines": [112, 113, 114, 115, 116, 117, 118, 119, 120, 122, 123, 124, 125, 126, 127, 128, 129, 130, 132, 133, 134, 135, 136, 137, 138, 139, 140, 142, 143, 144, 145, 146, 147, 148, 149, 150, 152, 153, 154, 155, 156, 157, 158, 159, 160, 162, 163, 164, 165, 166, 167, 168, 169, 170, 172, 173, 174, 175, 176, 177, 178, 179, 180, 182, 183, 184, 185, 186, 187, 188, 189, 190, 192, 193, 194, 195, 196, 197, 198, 199, 200, 202, 203, 204, 205, 206, 207, 208, 209, 210, 212, 213, 214, 215, 216, 217, 218, 219, 220, 222, 223, 224, 225, 226, 227, 228, 229, 230, 232, 233, 234, 235, 236, 237, 238, 239, 240, 242, 243, 244, 245, 246, 247, 248, 249, 250, 252, 253, 254, 255, 256, 257, 258, 259, 260, 262, 263, 264, 265, 266, 267, 268, 269, 270, 272, 273, 274, 275, 276, 277, 278, 279, 280, 282, 283, 284, 285, 286, 287, 288, 289, 290, 292, 293, 294, 295, 296, 297, 298, 299, 300, 302, 303, 304, 305, 306, 307, 308, 309, 310], "executed_branches": [], "missing_branches": [], "summary": {"covered_lines": 100, "missing_lines": 180, "covered_branches": 0, "missing_branches": 0, "percent_covered": 35.714285714285715}}, "tmpf7aq8fq_/m.py": {"executed_lines": [1, 3, 4, 5, 6, 7, 8], "missing_lines": [], "executed_branches": [[3, 4], [3, 5]], "missing_branches": [], "summary": {"covered_lines": 7, "missing_lines": 0, "covered_branches": 2, "missing_branches": 0, "percent_covered": 100.0}}}, "summary": {"covered_lines": 107, "missing_lines": 180, "covered_branches": 2, "missing_branches": 0, "percent_covered": 37.71626297577855}}
