{"meta": {"software": "slipcover", "version": "1.0.15", "timestamp": "2024-09-10T16:39:58.390980", "branch_coverage": true, "show_contexts": false}, "files": {"tmpsm_ap2kx/test.py": {"executed_lines": [1, 2, 4, 5, 6, 7, 8, 9, 10, 11, 12, 13, 14, 15, 16, 17, 18, 19, 20, 21, 22, 23, 24, 25, 26, 27, 28, 30, 31, 32, 33, 34, 35, 36, 37, 38, 39, 40, 41, 42, 43, 44, 45], "missing_lines": [46, 48, 49, 50, 51, 52, 53, 54, 55, 56, 57, 58, 59, 60, 61, 63, 64, 65, 66, 67, 68, 69, 70, 71, 72, 73, 74, 75, 77, 78, 79, 80, 81, 82, 83, 84, 85, 86, 87, 88, 89, 91, 92, 93, 94, 95, 96, 97, 98, 99, 100, 101, 102, 103, 104, 106, 107, 108, 109, 110, 111, 112, 113, 114, 115, 116, 117, 118, 120, 121, 122, 123, 124, 125, 126, 127, 128, 129, 130, 131, 132, 134, 135, 136, 137, 138, 139, 140, 141, 142, 143, 144, 145, 146], "executed_branches": [], "missing_branches": [], "summary": {"covered_lines": 43, "missing_lines": 94, "covered_branches": 0, "missing_branches": 0, "percent_covered": 31.386861313868614}}, "tmpsm_ap2kx/m.py": {"executed_lines": [1, 3, 4, 5, 6, 7, 8], "missing_lines": [], "executed_branches": [[3, 4], [3, 5], [6, 7], [6, 8]], "missing_branches": [], "summary": {"covered_lines": 7, "missing_lines": 0, "covered_branches": 4, "missing_branches": 0, "percent_covered": 100.0}}}, "summary": {"covered_lines": 50, "missing_lines": 94, "covered_branches": 4, "missing_branches": 0, "percent_covered": 36.486486486486484}}
