{"meta": {"software": "slipcover", "version": "1.0.15", "timestamp": "2024-09-10T16:40:01.009554", "branch_coverage": true, "show_contexts": false}, "files": {"tmpqhih7x_d/test.py": {"executed_lines": [1, 2, 4, 5, 6, 7, 8, 9, 10, 11, 12, 13, 14], "missing_lines": [16, 17, 18, 19, 20, 21, 23, 24, 25, 26, 27, 28, 30, 31, 32, 33, 34, 35, 37, 38, 39, 40, 41, 42, 44, 45, 46, 47, 48, 49, 51, 52, 53, 54, 55, 56, 58, 59, 60, 61, 62, 63, 65, 66, 67, 68, 69, 70, 72, 73, 74, 75, 76, 77, 79, 80, 81, 82, 83, 84, 86, 87, 88, 89, 90, 91, 93, 94, 95, 96, 97, 98, 100, 101, 102, 103, 104, 105, 107, 108, 109, 110, 111, 112, 114, 115, 116, 117, 118, 119, 120, 122, 123, 124, 125, 126, 127, 129, 130, 131, 132, 133, 134, 136, 137, 138, 139, 140, 141, 143, 144, 145, 146, 147, 148, 149, 151, 152, 153, 154, 155, 156, 158, 159, 160, 161, 162, 163, 164, 166, 167, 168, 169, 170, 171, 173, 174, 175, 176, 177, 178, 180, 181, 182, 183, 184, 185, 187, 188, 189, 190, 191, 192], "executed_branches": [], "missing_branches": [], "summary": {"covered_lines": 13, "missing_lines": 153, "covered_branches": 0, "missing_branches": 0, "percent_covered": 7.831325301204819}}, "tmpqhih7x_d/m.py": {"executed_lines": [1, 5, 6, 7, 8, 9, 10, 11, 12, 13, 14, 15, 16, 17, 18, 19, 21, 22, 23, 24, 25, 26, 27, 28, 29, 30, 32, 33], "missing_lines": [20], "executed_branches": [[6, 7], [6, 33], [7, 8], [7, 9], [9, 10], [9, 11], [11, 12], [11, 13], [13, 14], [13, 15], [15, 16], [15, 17], [17, 18], [17, 19], [19, 21], [21, 22], [21, 23], [23, 24], [23, 25], [25, 26], [25, 27], [27, 28], [27, 29], [29, 30], [29, 32]], "missing_branches": [[19, 20]], "summary": {"covered_lines": 28, "missing_lines": 1, "covered_branches": 25, "missing_branches": 1, "percent_covered": 96.36363636363636}}}, "summary": {"covered_lines": 41, "missing_lines": 154, "covered_branches": 25, "missing_branches": 1, "percent_covered": 29.86425339366516}}
