{"meta": {"software": "slipcover", "version": "1.0.15", "timestamp": "2024-09-10T16:40:06.822374", "branch_coverage": true, "show_contexts": false}, "files": {"tmppx2mjynh/test.py": {"executed_lines": [1, 2, 4, 5, 6, 7, 8, 9, 10, 11, 12, 13, 14, 15, 16, 17, 18, 19, 20, 21, 22, 23, 24, 26, 27, 28, 29, 30, 31, 32, 33, 34, 35, 36], "missing_lines": [38, 39, 40, 41, 42, 43, 44, 45, 46, 47, 48, 50, 51, 52, 53, 54, 55, 56, 57, 58, 59, 60, 62, 63, 64, 65, 66, 67, 68, 69, 70, 71, 72, 74, 75, 76, 77, 78, 79, 80, 81, 82, 83, 84, 86, 87, 88, 89, 90, 91, 92, 93, 94, 95, 96, 98, 99, 100, 101, 102, 103, 104, 105, 106, 107, 108, 110, 111, 112, 113, 114, 115, 116, 117, 118, 119, 120], "executed_branches": [], "missing_branches": [], "summary": {"covered_lines": 34, "missing_lines": 77, "covered_branches": 0, "missing_branches": 0, "percent_covered": 30.63063063063063}}, "tmppx2mjynh/m.py": {"executed_lines": [1, 4, 5, 6, 7, 8], "missing_lines": [], "executed_branches": [[4, 5], [4, 8], [5, 6], [5, 7]], "missing_branches": [], "summary": {"covered_lines": 6, "missing_lines": 0, "covered_branches": 4, "missing_branches": 0, "percent_covered": 100.0}}}, "summary": {"covered_lines": 40, "missing_lines": 77, "covered_branches": 4, "missing_branches": 0, "percent_covered": 36.36363636363637}}
