{"meta": {"software": "slipcover", "version": "1.0.15", "timestamp": "2024-09-10T16:40:14.499819", "branch_coverage": true, "show_contexts": false}, "files": {"tmp10r_t2yy/test.py": {"executed_lines": [1, 2, 4, 5, 6, 7, 8, 9, 10, 11, 12, 13, 14, 15, 16, 17, 18, 19, 20, 21, 22, 24, 25, 26, 27, 28, 29, 30, 31, 32, 33, 35, 36, 37, 38, 40, 41, 42, 43, 44, 45, 46, 47, 48, 49, 51, 52, 53], "missing_lines": [54, 55, 56, 57, 58, 60, 61, 62, 63, 64, 65, 66, 67, 68, 69, 71, 72, 73, 74, 75, 76, 77, 78, 79, 80, 81], "executed_branches": [], "missing_branches": [], "summary": {"covered_lines": 48, "missing_lines": 26, "covered_branches": 0, "missing_branches": 0, "percent_covered": 64.86486486486487}}, "tmp10r_t2yy/m.py": {"executed_lines": [1, 3, 4, 5, 6, 7, 8, 10, 11, 12, 13], "missing_lines": [], "executed_branches": [[4, 5], [4, 13], [5, 6], [5, 10], [7, 7], [7, 8], [11, 11], [11, 12]], "missing_branches": [], "summary": {"covered_lines": 11, "missing_lines": 0, "covered_branches": 8, "missing_branches": 0, "percent_covered": 100.0}}}, "summary": {"covered_lines": 59, "missing_lines": 26, "covered_branches": 8, "missing_branches": 0, "percent_covered": 72.04301075268818}}
