{"meta": {"software": "slipcover", "version": "1.0.15", "timestamp": "2024-09-10T16:40:26.490283", "branch_coverage": true, "show_contexts": false}, "files": {"tmpmn8nf9cj/test.py": {"executed_lines": [1, 2, 4, 5, 6, 7, 8, 9, 10, 11, 12, 13, 14, 15, 16, 17, 18, 19, 20, 21, 22], "missing_lines": [24, 25, 26, 27, 28, 29, 30, 31, 32, 33, 35, 36, 37, 38, 39, 40, 41, 42, 43, 44, 45, 46, 48, 49, 50, 51, 52, 53, 54, 55, 56, 57, 59, 60, 61, 62, 63, 64, 65, 66, 67, 68, 70, 71, 72, 73, 74, 75, 76, 77, 78, 79, 81, 82, 83, 84, 85, 86, 87, 88, 89, 90, 92, 93, 94, 95, 96, 97, 98, 99, 100, 101, 103, 104, 105, 106, 107, 108, 109, 110, 111, 112], "executed_branches": [], "missing_branches": [], "summary": {"covered_lines": 21, "missing_lines": 82, "covered_branches": 0, "missing_branches": 0, "percent_covered": 20.388349514563107}}, "tmpmn8nf9cj/m.py": {"executed_lines": [1, 3, 4, 5, 6], "missing_lines": [], "executed_branches": [[3, 4], [3, 5]], "missing_branches": [], "summary": {"covered_lines": 5, "missing_lines": 0, "covered_branches": 2, "missing_branches": 0, "percent_covered": 100.0}}}, "summary": {"covered_lines": 26, "missing_lines": 82, "covered_branches": 2, "missing_branches": 0, "percent_covered": 25.454545454545453}}
