{"meta": {"software": "slipcover", "version": "1.0.15", "timestamp": "2024-09-10T16:40:27.651210", "branch_coverage": true, "show_contexts": false}, "files": {"tmpa_c1dj60/test.py": {"executed_lines": [1, 2, 4, 5, 6, 7, 8, 9, 10, 11, 12, 13, 14, 15, 16, 18, 19, 20, 21, 22, 23, 24, 26, 27, 28, 29, 30, 31, 32, 34, 35, 36, 37, 38, 39, 40, 41], "missing_lines": [43, 44, 45, 46, 47, 48, 49, 50, 52, 53, 54, 55, 56, 57, 58, 60, 61, 62, 63, 64, 65, 66, 68, 69, 70, 71, 72, 73, 74, 76, 77, 78, 79, 80, 81, 82, 83, 85, 86, 87, 88, 89, 90, 91, 93, 94, 95, 96, 97, 98, 99, 101, 102, 103, 104, 105, 106, 107, 109, 110, 111, 112, 113, 114, 115, 116, 118, 119, 120, 121, 122, 123, 124, 126, 127, 128, 129, 130, 131, 132, 133], "executed_branches": [], "missing_branches": [], "summary": {"covered_lines": 37, "missing_lines": 81, "covered_branches": 0, "missing_branches": 0, "percent_covered": 31.35593220338983}}, "tmpa_c1dj60/m.py": {"executed_lines": [1, 3, 4, 5, 6, 7, 8, 10, 11], "missing_lines": [], "executed_branches": [[3, 4], [3, 5], [6, 7], [6, 11], [7, 8], [7, 10]], "missing_branches": [], "summary": {"covered_lines": 9, "missing_lines": 0, "covered_branches": 6, "missing_branches": 0, "percent_covered": 100.0}}}, "summary": {"covered_lines": 46, "missing_lines": 81, "covered_branches": 6, "missing_branches": 0, "percent_covered": 39.097744360902254}}
