{"meta": {"software": "slipcover", "version": "1.0.15", "timestamp": "2024-09-10T16:40:36.999460", "branch_coverage": true, "show_contexts": false}, "files": {"tmpoxpblzim/test.py": {"executed_lines": [1, 2, 4, 5, 6, 7, 8, 9, 10, 11, 12, 13, 14, 15, 16], "missing_lines": [18, 19, 20, 21, 22, 23, 24, 26, 27, 28, 29, 30, 31, 32, 34, 35, 36, 37, 38, 39, 40, 42, 43, 44, 45, 46, 47, 48, 50, 51, 52, 53, 54, 55, 56, 58, 59, 60, 61, 62, 63, 64, 66, 67, 68, 69, 70, 71, 72, 74, 75, 76, 77, 78, 79, 80, 82, 83, 84, 85, 86, 87, 88, 90, 91, 92, 93, 94, 95, 96, 98, 99, 100, 101, 102, 103, 104, 106, 107, 108, 109, 110, 111, 112], "executed_branches": [], "missing_branches": [], "summary": {"covered_lines": 15, "missing_lines": 84, "covered_branches": 0, "missing_branches": 0, "percent_covered": 15.151515151515152}}, "tmpoxpblzim/m.py": {"executed_lines": [1, 3, 4, 5, 6, 7, 8, 9, 10], "missing_lines": [], "executed_branches": [[5, 6], [5, 10], [6, 5], [6, 7], [7, 6], [7, 8], [8, 7], [8, 9]], "missing_branches": [], "summary": {"covered_lines": 9, "missing_lines": 0, "covered_branches": 8, "missing_branches": 0, "percent_covered": 100.0}}}, "summary": {"covered_lines": 24, "missing_lines": 84, "covered_branches": 8, "missing_branches": 0, "percent_covered": 27.586206896551722}}
