{"meta": {"software": "slipcover", "version": "1.0.15", "timestamp": "2024-09-10T16:40:37.636157", "branch_coverage": true, "show_contexts": false}, "files": {"tmpkwnphzhr/test.py": {"executed_lines": [1, 2, 4, 5, 6, 7, 8, 9, 10, 11, 12, 13, 14, 15, 16, 17, 18, 19], "missing_lines": [20, 21, 22, 23, 24, 26, 27, 28, 29, 30, 31, 32, 33, 34, 35, 36, 38, 39, 40, 41, 42, 43, 44, 45, 46, 47, 49, 50, 51, 52, 53, 54, 55, 56, 57, 58, 59, 60, 61, 62, 63, 64, 65, 66, 68, 69, 70, 71, 72, 73, 74, 75, 76, 77, 78, 80, 81, 82, 83, 84, 85, 86, 87, 88, 89, 91, 92, 93, 94, 95, 96, 97, 98, 99, 100, 102, 103, 104, 105, 106, 107, 108, 109, 110, 111, 112, 114, 115, 116, 117, 118, 119, 120, 121, 122, 123, 125, 126, 127, 128, 129, 130, 131, 132, 133, 134, 136, 137, 138, 139, 140, 141, 142, 143, 144, 145, 147, 148, 149, 150, 151, 152, 153, 154, 155, 156, 157, 159, 160, 161, 162, 163, 164, 165, 166, 167, 168, 169, 170, 172, 173, 174, 175, 176, 177, 178, 179, 180, 181, 182], "executed_branches": [], "missing_branches": [], "summary": {"covered_lines": 18, "missing_lines": 150, "covered_branches": 0, "missing_branches": 0, "percent_covered": 10.714285714285714}}, "tmpkwnphzhr/m.py": {"executed_lines": [1, 3, 4, 5, 6, 7, 8, 9, 11], "missing_lines": [], "executed_branches": [[4, 5], [4, 6], [8, 9], [8, 11]], "missing_branches": [], "summary": {"covered_lines": 9, "missing_lines": 0, "covered_branches": 4, "missing_branches": 0, "percent_covered": 100.0}}}, "summary": {"covered_lines": 27, "missing_lines": 150, "covered_branches": 4, "missing_branches": 0, "percent_covered": 17.12707182320442}}
