{"meta": {"software": "slipcover", "version": "1.0.15", "timestamp": "2024-09-10T16:40:41.030472", "branch_coverage": true, "show_contexts": false}, "files": {"tmpc1zej3px/test.py": {"executed_lines": [1, 2, 4, 5, 6, 7, 8, 9, 10, 11, 12, 13, 14, 15, 16, 17, 18, 19, 20, 21, 22, 23, 24, 26, 27, 28, 29, 30, 31, 32, 33, 34, 35, 36, 38, 39, 40, 41, 42, 43, 44, 45, 46, 47, 48, 50, 51, 52, 53, 54, 55, 56, 57, 58, 59, 60, 62, 63, 64, 65, 66, 67, 68, 69, 70, 71, 72], "missing_lines": [74, 75, 76, 77, 78, 79, 80, 81, 82, 83, 84, 86, 87, 88, 89, 90, 91, 92, 93, 94, 95, 96, 97, 98, 99, 101, 102, 103, 104, 105, 106, 107, 108, 109, 110, 111, 113, 114, 115, 116, 117, 118, 119, 120, 121, 122, 123, 125, 126, 127, 128, 129, 130, 131, 132, 133, 134, 135, 137, 138, 139, 140, 141, 142, 143, 144, 145, 146, 147, 149, 150, 151, 152, 153, 154, 155, 156, 157, 158, 159, 160], "executed_branches": [], "missing_branches": [], "summary": {"covered_lines": 67, "missing_lines": 81, "covered_branches": 0, "missing_branches": 0, "percent_covered": 45.270270270270274}}, "tmpc1zej3px/m.py": {"executed_lines": [1, 3, 4, 5, 6, 7, 8, 9], "missing_lines": [], "executed_branches": [[5, 6], [5, 9], [6, 5], [6, 7], [7, 6], [7, 8]], "missing_branches": [], "summary": {"covered_lines": 8, "missing_lines": 0, "covered_branches": 6, "missing_branches": 0, "percent_covered": 100.0}}}, "summary": {"covered_lines": 75, "missing_lines": 81, "covered_branches": 6, "missing_branches": 0, "percent_covered": 50.0}}
