{"meta": {"software": "slipcover", "version": "1.0.15", "timestamp": "2024-09-10T16:40:42.640355", "branch_coverage": true, "show_contexts": false}, "files": {"tmpjfwm07r7/test.py": {"executed_lines": [1, 2, 4, 5, 6, 7, 8, 9, 10, 11, 12, 13, 14, 15, 16, 17, 18, 20, 21, 22, 23, 24, 25, 26, 27, 29, 30, 31, 32, 33, 34, 35, 36, 38, 39, 40, 41, 42, 43, 44, 45, 47, 48, 49, 50, 51, 52, 53, 54, 56, 57, 58, 59, 60, 61, 62, 63, 65, 66, 67, 68, 69, 70, 71, 72, 74, 75, 76, 77, 78, 79, 80, 81], "missing_lines": [83, 84, 85, 86, 87, 88, 89, 90, 91, 93, 94, 95, 96, 97, 98, 99, 100, 102, 103, 104, 105, 106, 107, 108, 109, 110, 112, 113, 114, 115, 116, 117, 118, 119, 121, 122, 123, 124, 125, 126, 127, 128, 130, 131, 132, 133, 134, 135, 136, 137, 139, 140, 141, 142, 143, 144, 145, 146, 148, 149, 150, 151, 152, 153, 154, 155, 157, 158, 159, 160, 161, 162, 163, 164, 166, 167, 168, 169, 170, 171, 172, 173, 175, 176, 177, 178, 179, 180, 181, 182, 184, 185, 186, 187, 188, 189, 190, 191], "executed_branches": [], "missing_branches": [], "summary": {"covered_lines": 73, "missing_lines": 98, "covered_branches": 0, "missing_branches": 0, "percent_covered": 42.69005847953216}}, "tmpjfwm07r7/m.py": {"executed_lines": [1, 11], "missing_lines": [], "executed_branches": [], "missing_branches": [], "summary": {"covered_lines": 2, "missing_lines": 0, "covered_branches": 0, "missing_branches": 0, "percent_covered": 100.0}}}, "summary": {"covered_lines": 75, "missing_lines": 98, "covered_branches": 0, "missing_branches": 0, "percent_covered": 43.35260115606936}}
