{"version": 2, "done": {"/output/sty/lib.py": [[20, 34]], "/output/sty/primitive.py": [[158, 169], [170, 180], [142, 157], [40, 64]]}, "cost": 0.15801500000000002, "counters": {"G": 2, "F": 9, "U": 0, "R": 0}, "coverage": {"meta": {"software": "slipcover", "version": "1.0.15", "timestamp": "2025-01-28T17:20:16.730998", "branch_coverage": true, "show_contexts": false}, "files": {"sty/renderfunc.py": {"executed_lines": [1, 9, 10, 13, 14, 17, 18, 21, 25], "missing_lines": [22, 26], "executed_branches": [], "missing_branches": [], "summary": {"covered_lines": 9, "missing_lines": 2, "covered_branches": 0, "missing_branches": 0, "percent_covered": 81.81818181818181}}, "sty/lib.py": {"executed_lines": [1, 4, 10, 11, 14, 15, 16, 17, 20], "missing_lines": [26, 27, 30, 31, 32, 33], "executed_branches": [[14, 0], [14, 15], [15, 16], [15, 17]], "missing_branches": [[30, 0], [30, 31], [31, 32], [31, 33]], "summary": {"covered_lines": 9, "missing_lines": 6, "covered_branches": 4, "missing_branches": 4, "percent_covered": 56.52173913043478}}, "sty/rendertype.py": {"executed_lines": [1, 6, 7, 10, 11, 19, 20, 23, 24, 32, 33, 36, 37, 45, 46, 49, 50, 60, 61, 64, 65, 75], "missing_lines": [76], "executed_branches": [], "missing_branches": [], "summary": {"covered_lines": 22, "missing_lines": 1, "covered_branches": 0, "missing_branches": 0, "percent_covered": 95.65217391304348}}, "sty/__init__.py": {"executed_lines": [1, 2, 3, 4], "missing_lines": [], "executed_branches": [], "missing_branches": [], "summary": {"covered_lines": 4, "missing_lines": 0, "covered_branches": 0, "missing_branches": 0, "percent_covered": 100.0}}, "sty/register.py": {"executed_lines": [1, 4, 5, 6, 9, 10, 12, 14, 16, 17, 18, 19, 20, 21, 22, 23, 24, 25, 26, 29, 32, 33, 35, 37, 38, 39, 41, 42, 46, 47, 48, 49, 50, 51, 52, 53, 55, 58, 59, 60, 61, 62, 63, 64, 65, 68, 69, 70, 71, 72, 73, 74, 75, 78, 79, 81, 83, 84, 85, 87, 88, 92, 93, 94, 95, 96, 97, 98, 99, 101, 104, 105, 106, 107, 108, 109, 110, 111, 114, 115, 116, 117, 118, 119, 120, 121, 124, 125, 127, 129, 131, 132, 133, 135, 137, 138, 139, 140, 141, 142, 143, 144, 145, 146, 149, 150, 151, 152], "missing_lines": [], "executed_branches": [], "missing_branches": [], "summary": {"covered_lines": 108, "missing_lines": 0, "covered_branches": 0, "missing_branches": 0, "percent_covered": 100.0}}, "sty/primitive.py": {"executed_lines": [1, 4, 5, 6, 8, 10, 12, 15, 16, 32, 34, 35, 36, 37, 40, 41, 42, 43, 45, 46, 48, 50, 51, 52, 53, 63, 66, 67, 72, 73, 74, 75, 76, 78, 80, 82, 83, 85, 86, 88, 91, 93, 99, 100, 102, 104, 107, 108, 113, 116, 117, 120, 122, 129, 130, 132, 139, 140, 142, 158, 170, 181, 185, 187, 189, 191, 193, 195, 199, 200, 202, 206], "missing_lines": [55, 56, 57, 58, 61, 150, 153, 154, 155, 156, 163, 165, 166, 167, 168, 174, 176, 177, 178, 179], "executed_branches": [[48, 50], [48, 63], [50, 51], [80, 82], [80, 91], [82, 83], [82, 85], [99, 100], [99, 102], [104, 107], [104, 116], [107, 108], [107, 113], [116, 117], [116, 120], [187, 189], [187, 193], [189, 187], [189, 191]], "missing_branches": [[50, 55], [55, 56], [55, 61], [153, 0], [153, 154], [155, 153], [155, 156], [165, 0], [165, 166], [167, 165], [167, 168], [176, 0], [176, 177], [178, 176], [178, 179]], "summary": {"covered_lines": 72, "missing_lines": 20, "covered_branches": 19, "missing_branches": 15, "percent_covered": 72.22222222222223}}}, "summary": {"covered_lines": 224, "missing_lines": 29, "covered_branches": 23, "missing_branches": 19, "percent_covered": 83.72881355932203}}, "final_coverage": {"meta": {"software": "slipcover", "version": "1.0.15", "timestamp": "2025-01-28T17:20:38.642579", "branch_coverage": true, "show_contexts": false}, "files": {"sty/renderfunc.py": {"executed_lines": [1, 9, 10, 13, 14, 17, 18, 21, 25], "missing_lines": [22, 26], "executed_branches": [], "missing_branches": [], "summary": {"covered_lines": 9, "missing_lines": 2, "covered_branches": 0, "missing_branches": 0, "percent_covered": 81.81818181818181}}, "sty/lib.py": {"executed_lines": [1, 4, 10, 11, 14, 15, 16, 17, 20], "missing_lines": [26, 27, 30, 31, 32, 33], "executed_branches": [[14, 0], [14, 15], [15, 16], [15, 17]], "missing_branches": [[30, 0], [30, 31], [31, 32], [31, 33]], "summary": {"covered_lines": 9, "missing_lines": 6, "covered_branches": 4, "missing_branches": 4, "percent_covered": 56.52173913043478}}, "sty/rendertype.py": {"executed_lines": [1, 6, 7, 10, 11, 19, 20, 23, 24, 32, 33, 36, 37, 45, 46, 49, 50, 60, 61, 64, 65, 75], "missing_lines": [76], "executed_branches": [], "missing_branches": [], "summary": {"covered_lines": 22, "missing_lines": 1, "covered_branches": 0, "missing_branches": 0, "percent_covered": 95.65217391304348}}, "sty/__init__.py": {"executed_lines": [1, 2, 3, 4], "missing_lines": [], "executed_branches": [], "missing_branches": [], "summary": {"covered_lines": 4, "missing_lines": 0, "covered_branches": 0, "missing_branches": 0, "percent_covered": 100.0}}, "sty/register.py": {"executed_lines": [1, 4, 5, 6, 9, 10, 12, 14, 16, 17, 18, 19, 20, 21, 22, 23, 24, 25, 26, 29, 32, 33, 35, 37, 38, 39, 41, 42, 46, 47, 48, 49, 50, 51, 52, 53, 55, 58, 59, 60, 61, 62, 63, 64, 65, 68, 69, 70, 71, 72, 73, 74, 75, 78, 79, 81, 83, 84, 85, 87, 88, 92, 93, 94, 95, 96, 97, 98, 99, 101, 104, 105, 106, 107, 108, 109, 110, 111, 114, 115, 116, 117, 118, 119, 120, 121, 124, 125, 127, 129, 131, 132, 133, 135, 137, 138, 139, 140, 141, 142, 143, 144, 145, 146, 149, 150, 151, 152], "missing_lines": [], "executed_branches": [], "missing_branches": [], "summary": {"covered_lines": 108, "missing_lines": 0, "covered_branches": 0, "missing_branches": 0, "percent_covered": 100.0}}, "sty/primitive.py": {"executed_lines": [1, 4, 5, 6, 8, 10, 12, 15, 16, 32, 34, 35, 36, 37, 40, 41, 42, 43, 45, 46, 48, 50, 51, 52, 53, 63, 66, 67, 72, 73, 74, 75, 76, 78, 80, 82, 83, 85, 86, 88, 91, 93, 99, 100, 102, 104, 107, 108, 113, 116, 117, 120, 122, 129, 130, 132, 139, 140, 142, 150, 153, 154, 155, 156, 158, 163, 165, 166, 167, 168, 170, 181, 185, 187, 189, 191, 193, 195, 199, 200, 202, 206], "missing_lines": [55, 56, 57, 58, 61, 174, 176, 177, 178, 179], "executed_branches": [[48, 50], [48, 63], [50, 51], [80, 82], [80, 91], [82, 83], [82, 85], [99, 100], [99, 102], [104, 107], [104, 116], [107, 108], [107, 113], [116, 117], [116, 120], [153, 0], [153, 154], [155, 153], [155, 156], [165, 0], [165, 166], [167, 165], [167, 168], [187, 189], [187, 193], [189, 187], [189, 191]], "missing_branches": [[50, 55], [55, 56], [55, 61], [176, 0], [176, 177], [178, 176], [178, 179]], "summary": {"covered_lines": 82, "missing_lines": 10, "covered_branches": 27, "missing_branches": 7, "percent_covered": 86.5079365079365}}}, "summary": {"covered_lines": 234, "missing_lines": 19, "covered_branches": 31, "missing_branches": 11, "percent_covered": 89.83050847457628}}}