{"meta": {"software": "slipcover", "version": "1.0.14", "timestamp": "2024-09-09T11:31:10.878120", "branch_coverage": true, "show_contexts": false}, "files": {"tmpd_ri8jbp/test.py": {"executed_lines": [1, 2, 4, 5, 6, 7, 8, 9, 10, 11, 12, 13, 14, 15, 16, 17, 18, 19, 20, 21, 22, 23, 24, 25, 26, 27, 28, 29, 30, 31, 32, 33, 34, 35, 36, 37, 38, 39, 40, 41, 42, 43, 44, 45, 46, 47, 48, 49, 50, 51, 52, 53, 54, 55, 56, 57, 58, 59, 60, 61, 62, 63, 64, 65, 66, 67, 68, 69, 70, 71, 72, 73, 74, 75], "missing_lines": [], "executed_branches": [], "missing_branches": [], "summary": {"covered_lines": 74, "missing_lines": 0, "covered_branches": 0, "missing_branches": 0, "percent_covered": 100.0}}, "tmpd_ri8jbp/m.py": {"executed_lines": [1, 3, 5, 7, 8, 10, 11, 12, 13, 15, 16, 17, 21], "missing_lines": [19], "executed_branches": [[5, 7], [5, 10], [7, 8], [7, 10], [11, 12], [11, 16], [12, 13], [12, 15], [16, 17]], "missing_branches": [[16, 19]], "summary": {"covered_lines": 13, "missing_lines": 1, "covered_branches": 9, "missing_branches": 1, "percent_covered": 91.66666666666667}}}, "summary": {"covered_lines": 87, "missing_lines": 1, "covered_branches": 9, "missing_branches": 1, "percent_covered": 97.95918367346938}}
