{"meta": {"software": "slipcover", "version": "1.0.14", "timestamp": "2024-09-09T11:31:21.721965", "branch_coverage": true, "show_contexts": false}, "files": {"tmpmdi3ytp5/test.py": {"executed_lines": [1, 2, 4, 5, 6, 7, 8, 9, 10, 11, 12, 13, 14, 15, 16, 17, 18, 19, 20, 21, 22, 23, 24, 25, 27, 28, 29, 30, 31, 32, 33, 34, 35, 36, 37, 39, 40, 42, 43, 44, 45, 46, 47, 48, 49, 50, 51, 52, 54, 55, 56, 57, 58, 59, 60, 61, 62, 63, 64, 66, 67, 68, 69, 70, 71, 72, 73, 74, 75, 76, 78, 79, 80, 81, 82, 83, 84, 85, 86, 87, 88, 90, 92, 93, 94, 95, 96, 97, 98, 99, 100, 102, 103], "missing_lines": [104, 105, 106, 107, 108, 110], "executed_branches": [], "missing_branches": [], "summary": {"covered_lines": 93, "missing_lines": 6, "covered_branches": 0, "missing_branches": 0, "percent_covered": 93.93939393939394}}, "tmpmdi3ytp5/m.py": {"executed_lines": [1, 3, 4, 6, 7, 8, 9, 10, 11], "missing_lines": [], "executed_branches": [[3, 4], [3, 6], [7, 8], [7, 11], [8, 7], [8, 9], [9, 10]], "missing_branches": [[9, 7]], "summary": {"covered_lines": 9, "missing_lines": 0, "covered_branches": 7, "missing_branches": 1, "percent_covered": 94.11764705882354}}}, "summary": {"covered_lines": 102, "missing_lines": 6, "covered_branches": 7, "missing_branches": 1, "percent_covered": 93.96551724137932}}
