{"meta": {"software": "slipcover", "version": "1.0.14", "timestamp": "2024-09-09T11:32:20.700135", "branch_coverage": true, "show_contexts": false}, "files": {"tmpqh3zbzvy/test.py": {"executed_lines": [1, 2, 4, 5, 6, 7, 8, 9, 10, 11, 12, 13, 14, 15, 16, 17, 18, 19, 20, 21, 22, 23, 24, 25, 26, 27, 28, 29, 30, 31, 32, 34, 35, 36, 37, 38, 39, 41, 42, 43, 44, 45, 46, 47, 48, 50], "missing_lines": [52, 53, 54, 55, 56, 57, 58, 59, 60, 61, 63, 64, 65, 66, 67, 69, 70, 71, 72, 74, 75, 77, 78, 79, 80, 81, 82, 83, 84, 85, 86, 87, 88, 89, 90, 91, 92, 94, 95, 96, 98, 100, 101, 102, 103, 104, 105, 106, 108, 109, 110, 111, 112, 113, 114], "executed_branches": [], "missing_branches": [], "summary": {"covered_lines": 46, "missing_lines": 55, "covered_branches": 0, "missing_branches": 0, "percent_covered": 45.54455445544554}}, "tmpqh3zbzvy/m.py": {"executed_lines": [1, 3, 4, 5, 6, 7, 8, 15, 16], "missing_lines": [9, 10, 11, 12, 13, 14, 18], "executed_branches": [[7, 8]], "missing_branches": [[7, 9], [9, 10], [9, 11], [11, 12], [11, 13], [13, 14], [13, 18]], "summary": {"covered_lines": 9, "missing_lines": 7, "covered_branches": 1, "missing_branches": 7, "percent_covered": 41.666666666666664}}}, "summary": {"covered_lines": 55, "missing_lines": 62, "covered_branches": 1, "missing_branches": 7, "percent_covered": 44.8}}
