{"version": 1, "done": {"/output/pysnooper/tracer.py": [[339, 499], [246, 256], [293, 308], [111, 134], [309, 327], [257, 288]], "/output/pysnooper/pycompat.py": [[28, 44], [17, 23], [75, 84], [90, 98]], "/output/pysnooper/variables.py": [[53, 84], [111, 122], [20, 51], [124, 134], [86, 98]], "/output/pysnooper/utils.py": [[23, 33]]}, "usage": {"prompt_tokens": 46069, "completion_tokens": 17801}, "counters": {"G": 3, "F": 29, "U": 11, "R": 0}, "coverage": {"meta": {"software": "slipcover", "version": "1.0.14", "timestamp": "2024-05-31T12:43:12.474149", "branch_coverage": true, "show_contexts": false}, "files": {"pysnooper/pycompat.py": {"executed_lines": [3, 5, 6, 7, 8, 9, 11, 12, 14, 15, 25, 26, 46, 47, 51, 52, 57, 58, 59, 60, 67, 68, 72, 73, 86, 87, 88, 90], "missing_lines": [17, 18, 21, 22, 28, 29, 31, 32, 34, 36, 37, 38, 39, 41, 42, 48, 49, 53, 54, 62, 63, 64, 69, 70, 75, 76, 77, 78, 79, 80, 82, 83, 91, 92, 93, 95, 96, 97], "executed_branches": [[14, 15], [25, 26], [57, 58], [72, 73]], "missing_branches": [[14, 17], [25, 28], [57, 62], [72, 75], [77, 78], [77, 79]], "summary": {"covered_lines": 28, "missing_lines": 38, "covered_branches": 4, "missing_branches": 6, "percent_covered": 42.10526315789474}}, "pysnooper/__init__.py": {"executed_lines": [3, 20, 21, 22, 24, 25, 27, 28, 30], "missing_lines": [], "executed_branches": [], "missing_branches": [], "summary": {"covered_lines": 9, "missing_lines": 0, "covered_branches": 0, "missing_branches": 0, "percent_covered": 100.0}}, "pysnooper/variables.py": {"executed_lines": [1, 2, 3, 4, 7, 9, 10, 13, 14, 15, 17, 20, 21, 22, 23, 24, 25, 28, 30, 31, 32, 33, 34, 35, 37, 38, 41, 42, 45, 48, 53, 54, 55, 56, 57, 58, 59, 60, 61, 62, 63, 64, 65, 67, 69, 70, 71, 72, 73, 74, 76, 77, 79, 82, 86, 87, 93, 96, 100, 101, 102, 104, 105, 107, 108, 111, 112, 114, 117, 124, 125, 126, 127, 133], "missing_lines": [5, 6, 26, 39, 43, 46, 49, 50, 80, 83, 88, 89, 90, 94, 97, 115, 118, 119, 120, 121, 128, 129, 131], "executed_branches": [[25, 28], [56, 57], [56, 67], [58, 59], [58, 60], [71, 0], [71, 72], [126, 127]], "missing_branches": [[25, 26], [126, 128], [128, 129], [128, 131]], "summary": {"covered_lines": 74, "missing_lines": 23, "covered_branches": 8, "missing_branches": 4, "percent_covered": 75.22935779816514}}, "pysnooper/utils.py": {"executed_lines": [4, 5, 7, 8, 10, 11, 12, 13, 14, 15, 16, 17, 19, 20, 23, 24, 25, 28, 29, 36, 37, 38, 39, 44, 45, 46, 50, 51, 52, 53, 54, 55, 56, 59, 62, 64, 67, 68, 69, 70, 71, 72, 73, 74, 75, 76, 77, 78, 81, 82, 83, 85, 86, 87, 90, 91, 92, 93, 95], "missing_lines": [26, 30, 31, 32], "executed_branches": [[12, 13], [12, 20], [13, 14], [13, 19], [14, 13], [14, 15], [15, 16], [15, 17], [51, 52], [51, 56], [52, 53], [52, 54], [54, 51], [54, 55], [74, 75], [74, 76], [76, 77], [76, 78], [82, 83], [82, 85], [91, 93], [91, 95]], "missing_branches": [[30, 31], [30, 32]], "summary": {"covered_lines": 59, "missing_lines": 4, "covered_branches": 22, "missing_branches": 2, "percent_covered": 93.10344827586206}}, "pysnooper/tracer.py": {"executed_lines": [4, 5, 6, 7, 8, 9, 10, 11, 12, 13, 14, 16, 17, 18, 22, 25, 26, 27, 28, 30, 31, 32, 33, 34, 36, 37, 38, 41, 42, 43, 46, 49, 50, 51, 52, 53, 54, 55, 56, 57, 58, 60, 61, 68, 69, 70, 81, 82, 83, 86, 94, 95, 96, 99, 100, 103, 104, 106, 107, 108, 111, 112, 113, 116, 117, 118, 119, 120, 124, 125, 133, 136, 137, 138, 139, 141, 142, 143, 144, 145, 148, 149, 151, 152, 206, 207, 208, 209, 211, 212, 213, 214, 215, 216, 218, 219, 220, 221, 222, 223, 224, 225, 226, 227, 228, 231, 232, 233, 234, 235, 237, 238, 239, 241, 242, 244, 246, 247, 250, 253, 254, 255, 257, 258, 260, 261, 262, 263, 265, 266, 280, 282, 284, 287, 289, 290, 291, 293, 294, 296, 297, 298, 302, 303, 305, 306, 307, 309, 310, 312, 313, 314, 315, 316, 320, 321, 322, 323, 324, 325, 330, 331, 333, 334, 335, 336, 337, 339, 347, 348, 352, 353, 354, 356, 357, 358, 359, 361, 362, 366, 367, 368, 375, 377, 386, 387, 388, 393, 394, 395, 396, 397, 398, 399, 400, 401, 402, 403, 406, 407, 408, 409, 413, 414, 415, 416, 417, 418, 421, 422, 424, 425, 426, 427, 428, 438, 441, 442, 443, 449, 451, 452, 453, 460, 461, 463, 464, 465, 470, 474, 475, 477, 478, 479, 480, 482, 483, 484, 485, 486, 488, 489, 491, 498], "missing_lines": [19, 62, 63, 64, 65, 66, 67, 71, 72, 73, 74, 75, 76, 77, 78, 79, 84, 85, 89, 101, 102, 114, 121, 123, 126, 127, 129, 131, 132, 229, 230, 251, 267, 268, 269, 270, 271, 272, 273, 274, 275, 276, 277, 278, 281, 283, 285, 295, 299, 300, 311, 360, 364, 376, 378, 379, 380, 381, 382, 383, 384, 404, 429, 430, 444, 447, 462, 466, 467, 471, 472, 492, 493, 494, 495, 496], "executed_branches": [[18, 22], [36, 37], [36, 38], [61, 68], [68, 69], [70, 81], [86, 94], [94, 95], [96, 99], [96, 103], [100, 96], [113, 116], [116, 117], [116, 124], [124, 125], [228, 231], [238, 239], [238, 241], [241, 242], [241, 244], [247, 250], [247, 255], [250, 253], [253, 247], [253, 254], [280, 282], [282, 284], [284, 287], [294, 296], [298, 302], [310, 312], [347, 348], [347, 366], [348, 352], [348, 353], [353, 354], [353, 356], [357, 358], [359, 361], [361, 362], [366, 367], [366, 368], [375, 377], [377, 386], [396, 397], [396, 400], [402, 403], [402, 409], [403, 406], [424, 425], [424, 438], [425, 426], [425, 428], [428, 424], [438, 441], [438, 460], [441, 442], [449, 441], [449, 451], [461, 463], [470, 474], [477, 478], [477, 491], [482, 483], [491, 498]], "missing_branches": [[18, 19], [61, 62], [66, 67], [66, 68], [68, 86], [70, 71], [86, 89], [94, 106], [100, 101], [113, 114], [124, 126], [126, 127], [126, 129], [228, 230], [250, 251], [269, 270], [280, 281], [282, 283], [284, 285], [294, 295], [298, 299], [310, 311], [357, 364], [359, 360], [361, 357], [375, 376], [377, 378], [403, 404], [428, 429], [441, 460], [461, 462], [470, 471], [482, 491], [491, 492], [493, 494], [493, 495]], "summary": {"covered_lines": 244, "missing_lines": 76, "covered_branches": 65, "missing_branches": 36, "percent_covered": 73.39667458432304}}}, "summary": {"covered_lines": 414, "missing_lines": 141, "covered_branches": 99, "missing_branches": 48, "percent_covered": 73.07692307692308}}, "final_coverage": {"meta": {"software": "slipcover", "version": "1.0.14", "timestamp": "2024-05-31T12:45:39.269133", "branch_coverage": true, "show_contexts": false}, "files": {"pysnooper/pycompat.py": {"executed_lines": [3, 5, 6, 7, 8, 9, 11, 12, 14, 15, 25, 26, 46, 47, 51, 52, 57, 58, 59, 60, 67, 68, 72, 73, 86, 87, 88, 90], "missing_lines": [17, 18, 21, 22, 28, 29, 31, 32, 34, 36, 37, 38, 39, 41, 42, 48, 49, 53, 54, 62, 63, 64, 69, 70, 75, 76, 77, 78, 79, 80, 82, 83, 91, 92, 93, 95, 96, 97], "executed_branches": [[14, 15], [25, 26], [57, 58], [72, 73]], "missing_branches": [[14, 17], [25, 28], [57, 62], [72, 75], [77, 78], [77, 79]], "summary": {"covered_lines": 28, "missing_lines": 38, "covered_branches": 4, "missing_branches": 6, "percent_covered": 42.10526315789474}}, "pysnooper/__init__.py": {"executed_lines": [3, 20, 21, 22, 24, 25, 27, 28, 30], "missing_lines": [], "executed_branches": [], "missing_branches": [], "summary": {"covered_lines": 9, "missing_lines": 0, "covered_branches": 0, "missing_branches": 0, "percent_covered": 100.0}}, "pysnooper/variables.py": {"executed_lines": [1, 2, 3, 4, 7, 9, 10, 13, 14, 15, 17, 20, 21, 22, 23, 24, 25, 28, 30, 31, 32, 33, 34, 35, 37, 38, 41, 42, 45, 48, 53, 54, 55, 56, 57, 58, 59, 60, 61, 62, 63, 64, 65, 67, 69, 70, 71, 72, 73, 74, 76, 77, 79, 80, 82, 83, 86, 87, 93, 96, 100, 101, 102, 104, 105, 107, 108, 111, 112, 114, 117, 124, 125, 126, 127, 133], "missing_lines": [5, 6, 26, 39, 43, 46, 49, 50, 88, 89, 90, 94, 97, 115, 118, 119, 120, 121, 128, 129, 131], "executed_branches": [[25, 28], [56, 57], [56, 67], [58, 59], [58, 60], [71, 0], [71, 72], [126, 127]], "missing_branches": [[25, 26], [126, 128], [128, 129], [128, 131]], "summary": {"covered_lines": 76, "missing_lines": 21, "covered_branches": 8, "missing_branches": 4, "percent_covered": 77.06422018348624}},